-- phpMyAdmin SQL Dump
-- version 4.8.4
-- https://www.phpmyadmin.net/
--
-- Host: 127.0.0.1:3306
-- Waktu pembuatan: 23 Agu 2019 pada 02.40
-- Versi server: 5.7.24
-- Versi PHP: 7.2.14

SET SQL_MODE = "NO_AUTO_VALUE_ON_ZERO";
SET AUTOCOMMIT = 0;
START TRANSACTION;
SET time_zone = "+00:00";


/*!40101 SET @OLD_CHARACTER_SET_CLIENT=@@CHARACTER_SET_CLIENT */;
/*!40101 SET @OLD_CHARACTER_SET_RESULTS=@@CHARACTER_SET_RESULTS */;
/*!40101 SET @OLD_COLLATION_CONNECTION=@@COLLATION_CONNECTION */;
/*!40101 SET NAMES utf8mb4 */;

--
-- Database: `ensyse_tap2go`
--

-- --------------------------------------------------------

--
-- Struktur dari tabel `absensi`
--

DROP TABLE IF EXISTS `absensi`;
CREATE TABLE IF NOT EXISTS `absensi` (
  `id_absensi` int(11) NOT NULL AUTO_INCREMENT,
  `nama_kegiatan` varchar(100) NOT NULL,
  `tgl_kegiatan` date NOT NULL,
  `jam_mulai` time(4) NOT NULL,
  `jam_selesai` time(4) NOT NULL,
  PRIMARY KEY (`id_absensi`)
) ENGINE=MyISAM AUTO_INCREMENT=4 DEFAULT CHARSET=latin1;

--
-- Dumping data untuk tabel `absensi`
--

INSERT INTO `absensi` (`id_absensi`, `nama_kegiatan`, `tgl_kegiatan`, `jam_mulai`, `jam_selesai`) VALUES
(2, 'Test Tap', '2019-02-26', '23:00:00.0810', '23:10:00.2920'),
(3, 'ttesr', '2019-02-28', '07:49:00.0000', '01:05:00.0000');

-- --------------------------------------------------------

--
-- Struktur dari tabel `absensi_detail`
--

DROP TABLE IF EXISTS `absensi_detail`;
CREATE TABLE IF NOT EXISTS `absensi_detail` (
  `id_ad` int(11) NOT NULL AUTO_INCREMENT,
  `id_absensi` int(11) NOT NULL,
  `nim` int(10) NOT NULL,
  `angkatan` int(4) NOT NULL,
  `tap_status` varchar(50) NOT NULL,
  `timestamp` timestamp NOT NULL,
  PRIMARY KEY (`id_ad`),
  KEY `id_absen` (`id_absensi`),
  KEY `nim` (`nim`)
) ENGINE=MyISAM AUTO_INCREMENT=13 DEFAULT CHARSET=latin1;

--
-- Dumping data untuk tabel `absensi_detail`
--

INSERT INTO `absensi_detail` (`id_ad`, `id_absensi`, `nim`, `angkatan`, `tap_status`, `timestamp`) VALUES
(3, 2, 1201900083, 0, 'LATE', '2019-02-26 16:04:59'),
(4, 2, 1201157899, 0, 'LATE', '0000-00-00 00:00:00'),
(5, 2, 1201150305, 0, '', '0000-00-00 00:00:00'),
(6, 3, 1201157899, 0, 'LATE', '2019-02-26 03:00:00'),
(7, 3, 1201900083, 0, 'TAP', '2019-02-26 16:04:59'),
(8, 4, 1201900083, 0, '', '2019-02-26 16:04:59'),
(9, 3, 120900083, 0, '', '0000-00-00 00:00:00'),
(10, 3, 1201157899, 0, '', '0000-00-00 00:00:00'),
(11, 3, 1201174020, 0, '', '0000-00-00 00:00:00'),
(12, 3, 1201154363, 0, '', '0000-00-00 00:00:00');

-- --------------------------------------------------------

--
-- Struktur dari tabel `absensi_detail_praktikan`
--

DROP TABLE IF EXISTS `absensi_detail_praktikan`;
CREATE TABLE IF NOT EXISTS `absensi_detail_praktikan` (
  `id_ad` int(11) NOT NULL AUTO_INCREMENT,
  `id_absensi` int(11) NOT NULL,
  `nim` int(10) NOT NULL,
  `angkatan` int(4) NOT NULL,
  `tap_status` varchar(50) NOT NULL,
  `timestamp` timestamp NOT NULL,
  PRIMARY KEY (`id_ad`),
  KEY `id_absen` (`id_absensi`),
  KEY `nim` (`nim`)
) ENGINE=MyISAM AUTO_INCREMENT=4 DEFAULT CHARSET=latin1;

--
-- Dumping data untuk tabel `absensi_detail_praktikan`
--

INSERT INTO `absensi_detail_praktikan` (`id_ad`, `id_absensi`, `nim`, `angkatan`, `tap_status`, `timestamp`) VALUES
(3, 3, 1201164125, 0, 'LATE', '2019-08-23 02:03:32');

-- --------------------------------------------------------

--
-- Struktur dari tabel `absensi_list`
--

DROP TABLE IF EXISTS `absensi_list`;
CREATE TABLE IF NOT EXISTS `absensi_list` (
  `id_al` int(11) NOT NULL AUTO_INCREMENT,
  `id_absensi` int(11) NOT NULL,
  `nim` int(10) NOT NULL,
  `status` varchar(100) NOT NULL,
  `timestamp` timestamp NOT NULL,
  PRIMARY KEY (`id_al`),
  KEY `id_absensi` (`id_absensi`),
  KEY `id_asisten` (`nim`)
) ENGINE=MyISAM DEFAULT CHARSET=latin1;

-- --------------------------------------------------------

--
-- Struktur dari tabel `absensi_praktikan`
--

DROP TABLE IF EXISTS `absensi_praktikan`;
CREATE TABLE IF NOT EXISTS `absensi_praktikan` (
  `id_absensi` int(11) NOT NULL AUTO_INCREMENT,
  `nama_kegiatan` varchar(100) NOT NULL,
  `tgl_kegiatan` date NOT NULL,
  `jam_mulai` time(4) NOT NULL,
  `jam_selesai` time(4) NOT NULL,
  PRIMARY KEY (`id_absensi`)
) ENGINE=MyISAM AUTO_INCREMENT=4 DEFAULT CHARSET=latin1;

--
-- Dumping data untuk tabel `absensi_praktikan`
--

INSERT INTO `absensi_praktikan` (`id_absensi`, `nama_kegiatan`, `tgl_kegiatan`, `jam_mulai`, `jam_selesai`) VALUES
(3, 'Test Praktikum', '2019-08-23', '08:45:00.9610', '09:30:00.0000');

-- --------------------------------------------------------

--
-- Struktur dari tabel `asisten`
--

DROP TABLE IF EXISTS `asisten`;
CREATE TABLE IF NOT EXISTS `asisten` (
  `nim` int(11) NOT NULL,
  `nama_asisten` varchar(100) NOT NULL,
  `kode_asisten` varchar(3) NOT NULL,
  `angkatan` int(4) NOT NULL,
  `rfid` varchar(10) NOT NULL,
  PRIMARY KEY (`nim`)
) ENGINE=MyISAM DEFAULT CHARSET=latin1;

--
-- Dumping data untuk tabel `asisten`
--

INSERT INTO `asisten` (`nim`, `nama_asisten`, `kode_asisten`, `angkatan`, `rfid`) VALUES
(120900083, 'Royandi', 'ROY', 2015, '4147253717'),
(1201157899, 'Tondi Rastafara', 'TND', 2015, '0000000000'),
(1201174020, 'Nganu Hattaraitanakul', 'NGN', 0, ''),
(1201154363, 'Ajeng Kirana', 'AJE', 2015, '4148852741'),
(1201150305, 'Ayu Saskia Priscilla Harris', 'AYU', 2015, '0307905079'),
(1201150304, 'Desi Lestari', 'ICI', 2015, '1586869522'),
(1201154130, 'Dhialdi Wibi Raditya', 'ENY', 2015, '0353252455'),
(1201154432, 'Dwi Sela Tresnasari', 'SEL', 2015, '4148759605'),
(1201154097, 'Fahmy Habib Hasanudin', 'BIB', 2015, '4146789173'),
(1201154359, 'Fitra Akbarokah', 'APT', 2015, '4148554229'),
(1201154229, 'I Gusti Ngurah Bagus Arya Dananjaya', 'RAH', 2015, '0307032359'),
(1201150295, 'Liza Nafiah Maulidina', 'NAF', 2015, '3801778406'),
(1201154120, 'Muhammad Rakatama Farhan Habibie', 'RKT', 2015, '4148595301'),
(1201154268, 'Muhammad Zakiey Azhar', 'JEK', 2015, '4147082869'),
(1201150013, 'Murazky Hengki Riaja', 'MVP', 2015, '4146914981'),
(1201154463, 'Najah', 'BAA', 2015, '0492506883'),
(1201154433, 'Nancy Putri Ramadhani', 'CAY', 2015, '4148511845'),
(1201154484, 'Novita Permata Sari', 'NOV', 2015, '4145159029'),
(1201154538, 'Olivia Cahyaningdhia Saputri', 'LIV', 2015, '4149054533'),
(1201152534, 'Rahma Fauziyah', 'RFZ', 2015, '4148565109'),
(1201154105, 'Rayhan Muhammad', 'RYN', 2015, '4148308405'),
(1201154338, 'Renata Ganiswara', 'BII', 2015, '4144273637'),
(1201153537, 'Rizal Wardhani', 'BOS', 2015, '4148731509'),
(1201154365, 'Safinah Rizkiyani', 'SFN', 2015, '4147260021'),
(1201154325, 'Siska Febriyanti', 'CYK', 2015, '4145328965'),
(1201164292, 'Amanda Sucita Brahmana', 'AMD', 2016, '4148258997'),
(1201164326, 'Aqfie jumidhal Ardha', 'AFI', 2016, '4147144853'),
(1201164042, 'Arief Adhitya Rahman', 'PEP', 2016, '4146486325'),
(1201164125, 'Dina Anjani', 'SWR', 2016, '4146872309'),
(1201160452, 'Firdausa Ramadhanti', 'UUS', 2016, '4148496133'),
(1201164165, 'Iksan Budiman', 'LVR', 2016, '4148818229'),
(1201164294, 'Indah Rahayu Alika Putri', 'ALK', 2016, '4146537269'),
(1201164318, 'Mochamad Ilham Fanani', 'IFN', 2016, '4145248597'),
(1201164242, 'Mohammad Fuad Farisi', 'AIS', 2016, '4147213365'),
(1201162112, 'Msy Cahaya Dinda Pamungkas', 'MSY', 2016, '0308192535'),
(1201160303, 'Muhammad Yumna Majdina', 'MAJ', 2016, '3286426326'),
(1201164170, 'Naufal Rifat Muhammad Harris', 'RTH', 2016, '4146673525'),
(1201164402, 'Nur Fajar Fadhilah', 'NFF', 2016, '0307668055'),
(1201164137, 'Nur Fitrianita Syahnas', 'PIW', 2016, '4144639765'),
(1201164371, 'Ramadhani Kurniawan', 'RAM', 2016, '0307699255'),
(1201160338, 'Rully Satriawan', 'RUS', 2016, '4147273925'),
(1201164310, 'Wildan Chairul Faqqie', 'DAN', 2016, '4148955573'),
(1201174086, 'Alan Ramadhan', '', 2017, ''),
(1201174200, 'Arifianto Aji Saputro', '', 2017, ''),
(1201174181, 'Dimas Arvian Budianto', '', 2017, ''),
(1201184202, 'Faturochman Nirwana', '', 2017, ''),
(1201174317, 'Fitriya Ayuningtyas Rumanda', '', 2017, ''),
(1201170119, 'Jasmine Devina Fany Atmaja', '', 2017, ''),
(1201174379, 'Kevin Ahmad Aufarrizky', '', 2017, ''),
(1201174051, 'Komang Surya Gitawan Argya Putra', '', 2017, ''),
(1201174075, 'Made Arya Teguh Dvaipayana', '', 2017, ''),
(1201174063, 'Muhammad Arief Ardyansyah', '', 2017, ''),
(1201174084, 'Muhammad Rafif Aliyasyah', '', 2017, ''),
(1201174255, 'Sandy Argya Pradipta', '', 2017, ''),
(1201174313, 'Sholekah Dwi Saputri', '', 2017, ''),
(1201170332, 'Talitha Nursabila', '', 2017, ''),
(1201174240, 'Ulfia Rahmah', '', 2017, ''),
(1201170396, 'Wardatul Faizah', '', 2017, ''),
(1201184077, 'Wina Nisrina Nalini', '', 2018, ''),
(120900084, 'Royandi Jr', 'ROJ', 2015, '4147253717'),
(1201164337, 'Lazuardi Iman Mauludi', 'LIM', 0, '4146810773');

-- --------------------------------------------------------

--
-- Struktur dari tabel `praktikan`
--

DROP TABLE IF EXISTS `praktikan`;
CREATE TABLE IF NOT EXISTS `praktikan` (
  `nim` varchar(10) NOT NULL,
  `nama` varchar(100) NOT NULL,
  `rfid` varchar(10) NOT NULL,
  PRIMARY KEY (`nim`)
) ENGINE=MyISAM DEFAULT CHARSET=latin1;

--
-- Dumping data untuk tabel `praktikan`
--

INSERT INTO `praktikan` (`nim`, `nama`, `rfid`) VALUES
('1201144285', 'CINDY MALINDA USCHA', ''),
('1201140001', 'ADINDA FARHANA', ''),
('1201140002', 'FAJRIA AMALA', ''),
('1201140005', 'HARDIYANTO KUSUPRIADI', ''),
('1201140007', 'GEOFANI ANDREYANA BADRUN', ''),
('1201140012', 'REZA PRASETYA UTAMA', ''),
('1201140013', 'MUHAMMAD ARIF IZZUDIN', ''),
('1201140015', 'ILHAM FIRMANSYAH', ''),
('1201140016', 'FARIZAN NUR SHABRINA', ''),
('1201140017', 'MUHAMMAD FARIS SOLIHIN', ''),
('1201140018', 'NOVAN SAPUTRA', ''),
('1201140019', 'FARHAN NAUFAL PRAYOGA', ''),
('1201140020', 'CANDRASAPTA PRA WIJAYA', ''),
('1201140025', 'IKHAN NANDA RAMADHAN', ''),
('1201140027', 'MUHAMAD GALIH RAKA P.', ''),
('1201140029', 'FIDIDIO AGOENG PAMBOEDI', ''),
('1201140030', 'ZUHAIR ALMAN ADAM', ''),
('1201140031', 'DEDEN DARMAWAN SYAHRI', ''),
('1201140033', 'MUHAMMAD FIKRI ZAKKI', ''),
('1201140035', 'ADI RIYANTO', ''),
('1201140042', 'FATIMAH MARWAHUTAMI', ''),
('1201140049', 'MOCHAMMAD GERRY PRAMUNGKAS', ''),
('1201140055', 'ANDRA RIZKITA', ''),
('1201140057', 'MUHAMMAD IRWAN', ''),
('1201140058', 'OLVITA KIRANA SYIFARANI', ''),
('1201140063', 'AGUNG WICAKSONO', ''),
('1201140069', 'BAGJA SATIA RAHARJA', ''),
('1201140070', 'JULIAN HARYO', ''),
('1201140071', 'JUAN ANDREAS PRATAMA', ''),
('1201140075', 'LUQMAN ARREZHA FAIZ', ''),
('1201140077', 'ALDRIZA FARIQ', ''),
('1201140079', 'FAKHRY NUGROHO', ''),
('1201140081', 'LUTHFI RAMADITYA', ''),
('1201140085', 'DWI MEISWARA', ''),
('1201140087', 'WAHYU MARUSAHA', ''),
('1201140090', 'NEBILA OKA ARIANE', ''),
('1201140095', 'KUN RINALDI PRAMANA', ''),
('1201140096', 'INDAH RAHMI PUTRI', ''),
('1201140099', 'AHMAD DHIYA ULHAQ', ''),
('1201140101', 'KHALIF ABDUL AZIZ', ''),
('1201140102', 'RIZKY ALIF OKTAVIANI', ''),
('1201140108', 'GREGORIUS KEVIN ADINUGROHO', ''),
('1201140110', 'KOMANG SWARI PRATIWI', ''),
('1201140113', 'HARIO ARDI N', ''),
('1201140114', 'DHEA NADYA AMALIA', ''),
('1201140115', 'ZHAFRAN EGA', ''),
('1201140118', 'UZAMAH ARROSYID ZAIN', ''),
('1201140119', 'MUHAMMAD IRFAN SYAHPUTRA HADIYAT', ''),
('1201140120', 'RADEN HENRY', ''),
('1201140121', 'IVAN ASHIVA', ''),
('1201140122', 'FRANSISCUS XAVERIUS ADITYA WISNU W', ''),
('1201140123', 'M.ADITYA ILHAMIZAR', ''),
('1201140130', 'CINTHYA PURY RAMADHANTI', ''),
('1201140132', 'LATIEF SETIAWAN', ''),
('1201140137', 'RANDY TRI ANANDA SURBAKTI', ''),
('1201140144', 'GHANI CASYDI', ''),
('1201140151', 'AUDIRA ZURAIDA RAHARDJA S', ''),
('1201140153', 'FERITSA IRIS ZATIVITA', ''),
('1201140157', 'AMANDA PUTRI K', ''),
('1201140159', 'REIVAN DIANDRA PUTRA', ''),
('1201140163', 'FARIH JAMIL RAJABI', ''),
('1201140167', 'BENEDICTUS PRASETYO', ''),
('1201140168', 'SINDY SINTHIA DEWI', ''),
('1201140170', 'RIO CAHYA AGUSTIN', ''),
('1201140171', 'REZA FAERUS AL FARISI', ''),
('1201140173', 'ANDRIE ANDIKA', ''),
('1201140177', 'RAZAQA IRHAM MUHAMMAD', ''),
('1201140179', 'MUHAMMAD FADIL NOVAR', ''),
('1201140181', 'INSAN ADIGUNA', ''),
('1201140188', 'NURUL FITRI', ''),
('1201140189', 'ARIZKY ARYANTIO', ''),
('1201140193', 'M. FAHMI AZHAR R.', ''),
('1201140197', 'ARVINDHA RAMADITYA', ''),
('1201140198', 'SIMBOLON; AGNES GRACECIA', ''),
('1201140200', 'YUZA FAUZIA', ''),
('1201140201', 'AHMAD F. ABDILLAH', ''),
('1201140203', 'ERIKO MAHTAMTAMA', ''),
('1201140206', 'FACHRI NUR FAUZI', ''),
('1201140207', 'FAUZIYYAH', ''),
('1201140211', 'MUHAMMAD JANUAR RASYID', ''),
('1201140215', 'SUCI DESTYANDINI', ''),
('1201140219', 'ACHMAD FANANI ADAM', ''),
('1201140222', 'GRAHESA ADRI PUTRA', ''),
('1201140226', 'MUHAMMAD NAUFAL SAYIDIMAN', ''),
('1201140227', 'TRIGO SEPTIA', ''),
('1201140228', 'JEREMIA ANDARYS', ''),
('1201140229', 'DELVA GESTIO', ''),
('1201140231', 'AGUNG KURNIAWAN', ''),
('1201140232', 'BAGAS PRADITYA YUSUF PUTRA', ''),
('1201140242', 'ELINA NOVINA PUTRI', ''),
('1201140245', 'QIDAM QOLBY', ''),
('1201140246', 'ACHMAD FIQRY DWISAPUTRA', ''),
('1201140251', 'NADIA NURUL AZZMI', ''),
('1201140254', 'KARTIKA AKBAR PURBANINGSIH', ''),
('1201140259', 'SOFI HANIFAH HERMAWAN', ''),
('1201140279', 'WAHID AMINULLAH', ''),
('1201140261', 'HAVILUDIN', ''),
('1201140262', 'IBNU JUNARESI FALAH', ''),
('1201140266', 'WEFI RIDHA MARYAMI', ''),
('1201140267', 'ANDRE KHARIS SIANIPAR', ''),
('1201140268', 'ASTRI VIANI', ''),
('1201140272', 'NURUL FAUZIAH', ''),
('1201140275', 'PUSPA OKTAVIANI', ''),
('1201140277', 'MUHAMMAD RIZKI YOFACHRI', ''),
('1201140280', 'MUHAMMAD YASER AL MUBARAK', ''),
('1201140283', 'RADITYATAMA ABIYOGA', ''),
('1201140284', 'ANDRY REZA ANGGARA', ''),
('1201140288', 'FIKRI ABDULHAKIM', ''),
('1201140289', 'SEMBADA WITANA', ''),
('1201140290', 'NADIRA CAHYA UTAMI R', ''),
('1201140294', 'ARDIAN KUSUMAWARDANA', ''),
('1201140300', 'M. FADLI AUFLIYUFLIHA', ''),
('1201140303', 'ACHMAD FATHONI', ''),
('1201140304', 'GIGA RAHMAT DHUHA', ''),
('1201140305', 'OKTARIA TYAS PAMBAYUN', ''),
('1201140306', 'FARRAS AUZAN GIBRAN', ''),
('1201140308', 'YUSUF MABRUR', ''),
('1201140312', 'RICHARDO HUTAGALUNG', ''),
('1201140313', 'SYADZWINA SENDRA SARI', ''),
('1201140316', 'RYAN NOVIANDI AKBAR', ''),
('1201140318', 'MUHAMMAD ALMYZAR PRATAMA RUSLI', ''),
('1201140319', 'ERIF RIFKI REDIANA', ''),
('1201140320', 'CITRA TRIANA BUDIASTUTI', ''),
('1201140328', 'TATIARA SANJANI', ''),
('1201140329', 'MUHAMMAD ARTITO ARIEF', ''),
('1201140331', 'ASTRI DEWI AGILHANDANI', ''),
('1201140334', 'AKMA SEPTIA VIADY', ''),
('1201140339', 'PRETTY PRIMA ROZA', ''),
('1201140341', 'DONNI ARISUGEWO', ''),
('1201140342', 'ELSA NOVIANTI', ''),
('1201140345', 'DIMAS REZA PAMUNGKAS', ''),
('1201140349', 'FAJRI TRI RAHMADINI ALSYA', ''),
('1201140350', 'SYAHNAN HUZAIRI', ''),
('1201140351', 'SITI FATIMAH ZAINATUN NISA', ''),
('1201140353', 'AKBAR MUFLIH Z', ''),
('1201140356', 'RIZKI IRWANSYAH', ''),
('1201140358', 'OLIVIA PERMATA ARIPUTRI', ''),
('1201140359', 'WIRANDY FAJAR SAPUTRA', ''),
('1201140360', 'RATU NABILA OCTAVIA PRATAMA', ''),
('1201140361', 'NATASYA SHAHNAZ NOVADEANTI', ''),
('1201140362', 'ELDA SHABRINA', ''),
('1201140364', 'YUNALDI RESTU PUTRA', ''),
('1201140366', 'AZZAM NADHIFTA AHMADY', ''),
('1201140367', 'NABILAH MUYASSAR', ''),
('1201140369', 'DICKY FAISAL DRAMAR', ''),
('1201140372', 'KRISNABAYU TAN WIDYATAMA', ''),
('1201140373', 'PRANDIKA PRATANTO', ''),
('1201140377', 'THALYA TRIANDA NASEVY', ''),
('1201140378', 'ACHMAD REVA', ''),
('1201140379', 'RADEN MUHAMMAD GOUMELAR', ''),
('1201140380', 'LILIANA', ''),
('1201140382', 'AGUNG FIRMAN YUSRA', ''),
('1201140384', 'NUR FAUZIAH KARIN', ''),
('1201140387', 'MUHAMMAD HADYAN I.', ''),
('1201140391', 'ARYO DAMARRIYANTO', ''),
('1201140393', 'HAIDI GHIFARY', ''),
('1201140395', 'KANISSA DHIKATALA', ''),
('1201140428', 'YOGA WIDAGDA', ''),
('1201140432', 'NADYA FEBRIKA', ''),
('1201140435', 'ECO JATMIKO PANGGABEAN', ''),
('1201140441', 'AZKA SAKINAH R', ''),
('1201140445', 'SATRIA PRAMATA ADI NUGRAHA', ''),
('1201140451', 'M FIRHAND ASWAD', ''),
('1201140452', 'MUHAMMAD SAPTA RENGA ROSYADI', ''),
('1201141032', 'REZA MUHAMMAD ZEIN', ''),
('1201141045', 'AGA FERDIANSYAH', ''),
('1201141082', 'MAYDHINA RAMADHANI', ''),
('1201141100', 'SANDIA MOHANNISYAH PUTRI', ''),
('1201141389', 'NATASHA ALUNA FARADIBBA H', ''),
('1201142050', 'MAXWEL HUTAHAEAN', ''),
('1201142065', 'DHIAZZAKI', ''),
('1201142074', 'CATUR FAJRI AUGYHANA', ''),
('1201142241', 'LUHUR BUDI PRASETYO', ''),
('1201142278', 'RIZKY KHAIRULLAH', ''),
('1201142434', 'ERICA GRACE H', ''),
('1201142436', 'MUHAMMAD REZA BAGJA BARJAMAN', ''),
('1201142438', 'ANDRE YANA W', ''),
('1201142440', 'HAMZAH ABDUL BA\'ITS', ''),
('1201142442', 'NURUL FITRIANI', ''),
('1201142443', 'REVINA HARDIYANTI', ''),
('1201142446', 'AGUNG WIDYAPRAKOSO W', ''),
('1201142448', 'YAHYA SOMIT M', ''),
('1201142454', 'RIZKY ADHI PRASETYO', ''),
('1201143453', 'EVANGELINA FREITAS', ''),
('1201144003', 'NOVITRI CINTA MARITO HASI', ''),
('1201144004', 'ELIAN GARIN BOWO K.', ''),
('1201144006', 'ANISA ENDAH SULISTYOWATI', ''),
('1201144008', 'RAHMAD PERDANA HARIANJA', ''),
('1201144009', 'LISTYO JULIANCE N.', ''),
('1201144010', 'SIVA AULIA', ''),
('1201144011', 'NIKMAH NOVITASARI', ''),
('1201144014', 'ADELIA WIDININGRUM', ''),
('1201144021', 'KHAIRANI DEWI', ''),
('1201144022', 'METHA NINDYA GRACYANI', ''),
('1201144023', 'CHRISTY ARDYANTO GULO', ''),
('1201144024', 'DHEBBY INDAH PERTIWI', ''),
('1201144028', 'NURUL SHOLIHAH EKOWATI', ''),
('1201144034', 'MUHAMMAD FAHMI SIREGAR', ''),
('1201144036', 'M. RIFQI DWI ARISTYA', ''),
('1201144037', 'FITHRATUR RAHMI', ''),
('1201144038', 'HIKMAT NUR AZHARI', ''),
('1201144039', 'LESTARI ATIKA PUTRI', ''),
('1201144040', 'GHINA FAUZIYYAH NUR AZIZAH', ''),
('1201144041', 'MUHAMMAD YOGASWARA WIRADITYA', ''),
('1201144043', 'APRILIA RATNA', ''),
('1201144044', 'MUSLIM NAUFAL SUGIYANTO', ''),
('1201144046', 'ALIA ASTI NURLAILI', ''),
('1201144047', 'ANGGIA GHASANI', ''),
('1201144051', 'MOHAMMAD BADAR', ''),
('1201144053', 'MUHAMMAD IKHSAN KURNIAWAN', ''),
('1201144054', 'DESSY CHAROLINA GINTING', ''),
('1201144056', 'NARARYO ANANTO WIBOWO', ''),
('1201144059', 'FIRDA MAULIDA FITRIA', ''),
('1201144060', 'DIAN KRISTIANA', ''),
('1201144061', 'LISTIANA LORENZ JATININGTYAS', ''),
('1201144062', 'MUHAMMAD FURQAN AFERI', ''),
('1201144064', 'FAKHRUL RAZI FRIMA', ''),
('1201144066', 'SARAH TASYA FAUZIAH', ''),
('1201144067', 'KINANTHI SEKAR PRASASTI', ''),
('1201144068', 'MAGHFIRA RACHMAWATI H.', ''),
('1201144072', 'RAKA CHANDRA WICAKSONO', ''),
('1201144073', 'DENZAKKY SUMARDI', ''),
('1201144076', 'ANDHIKA SAPUTRA', ''),
('1201144083', 'HASNA MARDIYAH', ''),
('1201144084', 'ARDITYA NUR WAALY', ''),
('1201144086', 'LAKSHITA JUWITA MUFTI', ''),
('1201144089', 'PUTRIFA WIRAHAYU ADI MUSLIMAH', ''),
('1201144092', 'AMELIA FAHMAWATI SUBIYANTO', ''),
('1201144093', 'MUCHAMMAD NURUL FUAD', ''),
('1201144094', 'ULFA FIDDINI', ''),
('1201144097', 'VENNYA SARI PUJAROSTIKA', ''),
('1201144098', 'TRIA MUSTIKA RAMADHANI', ''),
('1201144103', 'AFIFA SUCIHANA ISMADHIA', ''),
('1201144104', 'I GEDE ARY RADITYA P', ''),
('1201144106', 'ANGGUN KHARISMA PUTRI', ''),
('1201144107', 'NUR LATIFAH', ''),
('1201144111', 'EGIA ULINA MARGARETA', ''),
('1201144116', 'FEBRIAN EKA PRABOWO', ''),
('1201144117', 'AYU AMANDA HAPSARI', ''),
('1201144124', 'AYESHA RAFA DINDA', ''),
('1201144126', 'ALYA MAULIDA', ''),
('1201144128', 'FAISHAL AKBAR', ''),
('1201144131', 'REVA TAMA PUTRA', ''),
('1201144134', 'RIZTAN ANGGITYA SIHOMBING', ''),
('1201144135', 'YOSSI SAFITRI', ''),
('1201144136', 'OKI KURNIAWAN SIDIQ', ''),
('1201144138', 'SALSABILA DIARNIE LARASATI', ''),
('1201144139', 'FARID WIRA DARMAWAN', ''),
('1201144140', 'VILLIA AMALA SARI', ''),
('1201144141', 'KADEK BELLA RUSIANA DEWI', ''),
('1201144142', 'LARAS SHINTA CAHYA PUTRI', ''),
('1201144143', 'ANDRI KURNIAWAN', ''),
('1201144145', 'NISRINA FATHNIN', ''),
('1201144146', 'NOVIYANTI PERMATA SARI', ''),
('1201144147', 'SARAH NURLAILA', ''),
('1201144148', 'DHOFAR SHAFARRIZQULLAH SEPARMAN', ''),
('1201144149', 'CELINE DEBORA TAMBUNAN', ''),
('1201144150', 'ELMA ANGGRAINI SETYANINGRUM', ''),
('1201144154', 'ANDRIAN LISTYO', ''),
('1201144155', 'RIVAN SURYANA', ''),
('1201144156', 'M. GIAN HARLAWAN', ''),
('1201144158', 'BINA WIRATY HASIBUAN', ''),
('1201144161', 'ARINI NOURMA EVIAN', ''),
('1201144164', 'ANAK AGUNG CINDY JAYANTARI', ''),
('1201144165', 'ELFA KURNIA PRATAMA', ''),
('1201144166', 'VIALLI MALIK IBRAHIM', ''),
('1201144169', 'MUHAMMAD SIDDIQ', ''),
('1201144172', 'NIYAMA RACHEL AWANI', ''),
('1201144174', 'I DEWA GEDE DENY ANDIKA PRAWIRA', ''),
('1201144175', 'BETA ARYA ASH SHIDIK', ''),
('1201144176', 'WINDI ROBBIANA PRADANI', ''),
('1201144180', 'KHOIRUL UMAM W', ''),
('1201144182', 'NADIA AURORA SORAYA', ''),
('1201144183', 'ADITYA CANDRADESTA', ''),
('1201144185', 'REYNALDO YOSEVA PARULIAN SITOMPUL', ''),
('1201144186', 'ILHAM NUR FAJRIYAN', ''),
('1201144187', 'AZHAAR FAUZIYAH NURHAYATI', ''),
('1201144190', 'ADHITIO RAHMAN', ''),
('1201144191', 'IKHSAN RAHMAWAN', ''),
('1201144194', 'NADELLA YUSFARANI', ''),
('1201144195', 'ADYTHIA NICO NUGROHO', ''),
('1201144196', 'ARDIAN CAHYA UTAMA', ''),
('1201144202', 'RYAN ALDIANSYAH', ''),
('1201144204', 'MUHAMMAD IQBAL ARDHANA PUTRA', ''),
('1201144205', 'AHMAD RIZANI SAPUTRA', ''),
('1201144208', 'DIANTI EKA PUTRI', ''),
('1201144209', 'REREN JEANIFER RAMALISYA', ''),
('1201144210', 'KEMAL FARIZ RAMADHANI', ''),
('1201144213', 'BAITI JANNAH', ''),
('1201144214', 'RISTI REZA VIRZINIA AGUSTIN', ''),
('1201144216', 'ANNISA UFAIRA', ''),
('1201144217', 'HUTAMI RAKASIWI HIDAYAT', ''),
('1201144218', 'ENGGAR PUTRI WULANDARI', ''),
('1201144220', 'M. AUZAN FATHULLOH', ''),
('1201144221', 'MOCHAMAD REXY NURULSAPUTRA', ''),
('1201144224', 'RIDHO HANDOKO', ''),
('1201144225', 'REIGI AHMAD FADILAH', ''),
('1201144233', 'PUNTO AJI WARDHANA', ''),
('1201144234', 'PASCAL SHINJI LEOSISWO', ''),
('1201144235', 'CARISSA SERINA SARASWATI', ''),
('1201144236', 'SYAHDA BINTARUM', ''),
('1201144237', 'ADI SURYA', ''),
('1201144238', 'SYALTOUT RIDLA BESTITA', ''),
('1201144243', 'MUHAMMAD NUR SHIDDIQ', ''),
('1201144247', 'DIYAH NUGRAHANING WIDI', ''),
('1201144248', 'EWINK FAUZI', ''),
('1201144249', 'HARRY NURMI SUARI', ''),
('1201144250', 'SHABRINA MUTIARA WINANDA', ''),
('1201144252', 'MUHAMMAD ARFIDH', ''),
('1201144253', 'NADIA FAIRUZ HAVI', ''),
('1201144255', 'PATHIYAH ARDIYANTI', ''),
('1201144256', 'MIFTAH DWI RACHMA', ''),
('1201144257', 'NOVIANA', ''),
('1201144260', 'RANGGA YUDHISTA', ''),
('1201144263', 'DEWA AYU PUTU INDAH', ''),
('1201144265', 'RADITIANA NUR ULIMA', ''),
('1201144269', 'PUTRA ETRIF F.', ''),
('1201144270', 'PUTRI NOPITASARI', ''),
('1201144271', 'RIZKI TRIHARYO IBRAHIM', ''),
('1201144274', 'ILHAM FAKHRULHAQQI', ''),
('1201144276', 'EVRILIGAR RACHMANTO', ''),
('1201144281', 'CORRIE SUSANTO', ''),
('1201144282', 'REYNALDY PRAYOGI', ''),
('1201144286', 'SHABRINA FAUZANI', ''),
('1201144291', 'MUHAMMAD ANANG MA\'RUF', ''),
('1201144292', 'PUTTY AISYA', ''),
('1201144293', 'PERMATA SYAFIRA AULIA', ''),
('1201144296', 'DIMAS PRABOWO', ''),
('1201144297', 'NURUL JIHAD FATURRAHMA', ''),
('1201144299', 'SASKIA DYAH CHOIRIDA', ''),
('1201144301', 'MOCHAMAD THAARIQ A', ''),
('1201144302', 'DEAN SESHAR RAHMADINA', ''),
('1201144311', 'NICO SEPTIAN', ''),
('1201142314', 'FAHIRA GEARAHMANI', ''),
('1201144315', 'ADITYA AZIZ DEWANTO', ''),
('1201144322', 'DWI RAAFIANA ASYIFA', ''),
('1201144323', 'RYAN EKO PURNOMO', ''),
('1201144324', 'NAUFAL BARI MUHAMMAD', ''),
('1201144326', 'RIZKA HASNA DELVIKA', ''),
('1201144327', 'MUHAMMAD NOOR FAZRI', ''),
('1201144330', 'NADIAH MUMTAZ DARMAWAN', ''),
('1201144332', 'NIKKY RIZKY PRADIPTA', ''),
('1201144333', 'AFDHALUL ILMI YUSUF', ''),
('1201144335', 'DHAWY FARRAS PUTRA', ''),
('1201144336', 'RAFIF PRAYOGI', ''),
('1201144337', 'NAZAHRA RISKY MAGHFIRA', ''),
('1201144338', 'M. MIFTAH NUR HUDA', ''),
('1201144340', 'EPI KATHY PRATIWI SIBARANI', ''),
('1201144344', 'DIN SAMSUDIN HASIBUAN', ''),
('1201144346', 'MADE GEDE IRWANNANDA P', ''),
('1201144347', 'MUHAMMAD FAUZAN HAKIM', ''),
('1201144348', 'YUKO TSUKADA', ''),
('1201144354', 'KANDIDA KENYA UTAMI', ''),
('1201144355', 'AIDA FITRIANI', ''),
('1201144357', 'AM FAUZAN', ''),
('1201144363', 'RIKO RIZQULLAH PUTRA', ''),
('1201144365', 'NURUL ISLAM WIJAYA', ''),
('1201144368', 'RISKA RENATA YASIN', ''),
('1201144370', 'DWIYA NARINDRA GARINI', ''),
('1201144371', 'BIMO BAYU AJI', ''),
('1201144374', 'MUH WAHYU YUSRAN', ''),
('1201144376', 'MUHAMMAD REZA RIZQULLAH', ''),
('1201144381', 'LALU GALEH INGGIL FATRISTYA', ''),
('1201144383', 'METHA PRATIWI', ''),
('1201144385', 'RISTA REZA VIRZINIA AGUSTIN', ''),
('1201144386', 'RIZKA MALIA KHULDA', ''),
('1201144388', 'HUDA PRATAMA NUGROHO', ''),
('1201144390', 'RATNAWIA', ''),
('1201144392', 'RIZKY YULIANTARA MUSTOFA', ''),
('1201144394', 'RADEN M GIFARI PUTRA WIDITAMA S A', ''),
('1201144430', 'RIANDI ADITIA D', ''),
('1201144450', 'AYU REGITA CS', ''),
('1201148127', 'MUHAMMAD BUDI PRASETYO', ''),
('1201144031', 'DAVIN TONA', ''),
('1201150002', 'FARABI MUHAMMAD MAHDY', ''),
('1201150003', 'TASNIM ARIF', ''),
('1201150006', 'ALDIAN MUHAMMAD', ''),
('1201150007', 'YEHOSUA ALFREDA RANTESALU', ''),
('1201150008', 'GEDE PERBAWA SARWADHAMANA', ''),
('1201150009', 'MUHAMMAD BANGKIT HIDAYANTO', ''),
('1201150011', 'M RIDHOLLAH OKTAVIRINALDY', ''),
('1201150013', 'MURAZKY HENGKI RIAJA', ''),
('1201150014', 'TRISYAN ADMAJA KUNCORO', ''),
('1201150015', 'IDA BAGUS WASUDEWA', ''),
('1201150016', 'FIKIH FATUROCHMAN', ''),
('1201150017', 'MUHAMMAD ILHAM', ''),
('1201150018', 'GEDE ADNYANA NARARYA', ''),
('1201150019', 'M. JACKA AULIA', ''),
('1201150020', 'FAJAR MUHAMMAD', ''),
('1201150022', 'RIFKI AGUSTA', ''),
('1201150023', 'MUHAMMAD KADEF', ''),
('1201150024', 'M. AULIA AKBAR', ''),
('1201150025', 'DIMAS SETIA ARYOGA', ''),
('1201150026', 'NAUFAL MUHAMMAD ZAKI', ''),
('1201150027', 'MAURITZ EDO S', ''),
('1201150028', 'DHIEMAZ HENDRAWAN', ''),
('1201150031', 'ALDI BASTIAN', ''),
('1201150035', 'MUHAMMAD BOBBY P', ''),
('1201150037', 'FM ANGGRA MANDALA PUTRA', ''),
('1201150038', 'KEVIN KURNIA AULIA', ''),
('1201150039', 'RAGA SUKMANA', ''),
('1201150040', 'GALIH PUTRA I', ''),
('1201150042', 'RIZQI GHANI FATURRAHMAN', ''),
('1201150045', 'RIO SISCO', ''),
('1201150046', 'MOH. FIRMAN ADI BENTITO', ''),
('1201150047', 'MUHAMMAD RAVI ISMAIL', ''),
('1201150048', 'FAIZ ARIA A', ''),
('1201150049', 'MUFLIH H D', ''),
('1201150050', 'MUHAMAD CANDRA PERMANA', ''),
('1201150051', 'ABSHAR NAUFAN RASYADAN', ''),
('1201150052', 'SETO BAGHASKORO', ''),
('1201150054', 'ANGGA DARMAWAN', ''),
('1201150056', 'BHAGAS WISNU PERMADI', ''),
('1201150291', 'DELLA AZKA DWIGIFARI', ''),
('1201150292', 'DITA PATWI YULINAR', ''),
('1201150293', 'DEVITA ASTASIA', ''),
('1201150294', 'CYNTIA', ''),
('1201150295', 'LIZA NAFIAH MAULIDINA', ''),
('1201150296', 'SITDA LEYNA MUNTHE', ''),
('1201150297', 'HANAA ROSYADA W', ''),
('1201150298', 'INDI ALDINI IRMANSYAH', ''),
('1201150299', 'NOVITA SARI', ''),
('1201150301', 'HASNA NURHASANAH', ''),
('1201150302', 'AYU HAPSARI U', ''),
('1201150303', 'SHAFIRA NURLITA', ''),
('1201150304', 'DESI LESTARI', ''),
('1201150306', 'SARAH AYUTAMI', ''),
('1201150307', 'AMELIA PUTRI OKTAVIANI', ''),
('1201150308', 'HURIA NUSANTARA', ''),
('1201150309', 'MEITA RATNA SARI S', ''),
('1201150310', 'OVIE ISNANDA IRSA', ''),
('1201150311', 'MEGA FITRIANA ROSA', ''),
('1201150312', 'MEDIANTI ARIFIA DEWI I', ''),
('1201150313', 'SEVHIRA IVANI ASWIR', ''),
('1201150314', 'DETHA AULIA ALFAZAH', ''),
('1201150315', 'AYU KARINA', ''),
('1201150316', 'ISQINA RIZKY FIORENTINA', ''),
('1201150317', 'DEFFY IFTY NUR', ''),
('1201150318', 'SASKIA LATIFAH CHOIR', ''),
('1201150319', 'ANISA PUTRI AMBAR', ''),
('1201150320', 'SILMI APRILIA ANDARI', ''),
('1201150521', 'ADITYA AHMAD MAULANAY', ''),
('1201150524', 'ARANISA MENTARI', ''),
('1201150532', 'FILDZAH FAJRINA', ''),
('1201151323', 'NIHAN UFAIRA RIZAGANA', ''),
('1201152286', 'RANGGA FAUZIAN RAMADHAN', ''),
('1201152287', 'IRDAN ARJULIAN', ''),
('1201152490', 'AZYLIA PUTRI DENIA', ''),
('1201152491', 'AYU VITA RASTITI', ''),
('1201152527', 'ALFIOLA JULIA ANTOH', ''),
('1201152534', 'RAHMA FAUZIYAH', ''),
('1201153493', 'MUHAMMAD RAFIF EDWAR', ''),
('1201153494', 'YANSYA ALDEZAN GUSMAN', ''),
('1201153495', 'ABRAHAM SIMANJUNTAK', ''),
('1201153496', 'MUHAMAD FADILLAH', ''),
('1201153497', 'MUHAMMAD DHIYAURRAHMAN', ''),
('1201153498', 'ILHAM RAFDI K', ''),
('1201153499', 'ALIFAN NURFATWA', ''),
('1201153500', 'GRADYTIO RAHMADI HARTADJI', ''),
('1201153502', 'MOCHAMAD RIZKY FAUZY', ''),
('1201153503', 'ANGGA NUGRAHA', ''),
('1201153504', 'AZMI MAHDI', ''),
('1201153505', 'ALIF AKBAR', ''),
('1201153507', 'MAULIDAN KHOIR', ''),
('1201153509', 'MUHAMMAD REZA AQRAM', ''),
('1201153510', 'MUHAMMAD FIKRI', ''),
('1201153511', 'MUHAMMAH YUSUF AMIR', ''),
('1201153514', 'INRI SUMITRA DEWI', ''),
('1201153515', 'GHINA RAFIDAH', ''),
('1201153517', 'DWITA NURHALIZA KHARISMA', ''),
('1201153518', 'SYIFA NUR HASYYATI', ''),
('1201153519', 'ANNISA AULIA SAMBAS', ''),
('1201153520', 'JAUHARAH HASNA DZAKIYYAH ADANI', ''),
('1201153528', 'BRAMASTHA ALDIA', ''),
('1201153529', 'GNIEGMILANG ADIABENTANG', ''),
('1201153537', 'RIZAL WARDHANI', ''),
('1201153539', 'WIKA SEKAR SANGGARWATI', ''),
('1201153541', 'FANJAR ARIF WIJAKSONO', ''),
('1201153542', 'JESICA APRILIANI', ''),
('1201153544', 'MOHAMAD ARAFAT', ''),
('1201154059', 'GARDA PATRIA', ''),
('1201154060', 'CHREISNA PRATAMA PUTRA', ''),
('1201154064', 'CANDRIKA DHIASTRA AMIR B', ''),
('1201154066', 'ACHMAD ABIMANYU', ''),
('1201154067', 'INDRA PRASETYONO', ''),
('1201154069', 'FAUZI ILHAM', ''),
('1201154070', 'ARYODIMAS SYIFA PUTRANDY', ''),
('1201154071', 'M RIFQI WIBISONO', ''),
('1201154072', 'RIZKY MUHAMMAD', ''),
('1201154073', 'HILMAN ARDIAN EKANANDA', ''),
('1201154074', 'RIZKY ADHI W', ''),
('1201154076', 'SYUHADA MULIA RAHMANSYAH', ''),
('1201154078', 'LUTHFI FADILLAH SANI', ''),
('1201154079', 'TEDY TAUFIK HIDAYAT', ''),
('1201154080', 'MOHAMAD AZMI MUSYAFFI', ''),
('1201154081', 'AZMI ALIM', ''),
('1201154083', 'JANU PRASETYO', ''),
('1201154084', 'MUHAMMAD IQBAL HIDAYAT', ''),
('1201154085', 'DWIKI IQBAL MAULANA', ''),
('1201154086', 'ARYANANDA ASTUNGKORO', ''),
('1201154087', 'SALMAN AKBAR KUSUMA', ''),
('1201154088', 'NINO SETYO UTOMO', ''),
('1201154090', 'M.RAYHAN ISLAMY', ''),
('1201154091', 'M. FADHIL AKMAL RAMADHAN', ''),
('1201154092', 'ALVIN TRI NOVIANDRI', ''),
('1201154094', 'ARIF FAISAL RAMDANI', ''),
('1201154095', 'RIDHO GIBRAN I M', ''),
('1201154096', 'MUHAMMAD RAIHAN RAHMADAYANSYA', ''),
('1201154097', 'FAHMY HABIB H', ''),
('1201154098', 'KEVIN YUAN PUTRA DINATA', ''),
('1201154099', 'SALMAN SHADIQURRACHMAN', ''),
('1201154100', 'ADITYA DIMAS RAMADHAN', ''),
('1201154102', 'NITOGEGAS AGAN PRATOMO', ''),
('1201154103', 'FAIZ AZHARIE', ''),
('1201154104', 'RICKY RAMADHAN TANJUNG', ''),
('1201154105', 'RAYHAN MUHAMMAD', ''),
('1201154106', 'THOMMY HANIF SETIAWAN', ''),
('1201154107', 'M HAFIDZ LUTHFI', ''),
('1201154108', 'FAJAR ASYIRAQ TILLAMMURA', ''),
('1201154109', 'MOCHAMAD AZHAR HIDAYAT', ''),
('1201154110', 'FARIZ HARDIANSYAH PUTERA', ''),
('1201154111', 'MUHAMMAD RIZKY P', ''),
('1201154114', 'BILLY WIDJAYA', ''),
('1201154115', 'TRADIGA NUR AZIZ', ''),
('1201154117', 'IDA BAGUS YOGA SAMKHYAITA', ''),
('1201154119', 'GILANG ILHAM PRADANA', ''),
('1201154120', 'MUHAMMAD RAKATAMA FARHAN', ''),
('1201154121', 'KAUTSAL RIZAL', ''),
('1201154122', 'MUHAMMAD IMRON', ''),
('1201154123', 'WIRANTO ACHMED', ''),
('1201154124', 'ILHAM HANIF', ''),
('1201154126', 'BIMO SETYO HUTOMO', ''),
('1201154128', 'RADEN MAS ADITYA RANGGA', ''),
('1201154129', 'DIMAS FATHURRAHMAN', ''),
('1201154130', 'DHIALDI WIBI RADITYA', ''),
('1201154131', 'ADHY INDRA PERMANA', ''),
('1201154132', 'MOHAMMAD TAJUDIN', ''),
('1201154133', 'FRANS ARIANTONO SILALAHI', ''),
('1201154134', 'FIKRI VINO', ''),
('1201154135', 'RIZKI SURYO WIBOWO', ''),
('1201154136', 'HASYIM MUSLICH SETIAWAN', ''),
('1201154139', 'ARIEF KALAM NUGROHO', ''),
('1201154140', 'CAPRILIO BRIANDHITO', ''),
('1201154142', 'REFA MEIRANO ALDILLA', ''),
('1201154143', 'AUFA RINALDO', ''),
('1201154144', 'MUHAMMAD FARIS IZZUDDIN', ''),
('1201154145', 'DICKY RAMA SUKSMANANDA', ''),
('1201154148', 'ABDURRAHMAN PRABASWARA SIDI', ''),
('1201154150', 'REZA ROLIO FAHNI', ''),
('1201154151', 'RAIHAN MUHAMMAD FAIZAL', ''),
('1201154152', 'RIZKY FAJAR ADITYA', ''),
('1201154154', 'ACHMAD SYARIF BACHRIANSYAH ZAINI', ''),
('1201154155', 'FIRZA BILAL AULIA', ''),
('1201154156', 'ZULKIFLI MOCHAMMAD NAUFAL', ''),
('1201154157', 'ELDESKA FADHIL HAMDI', ''),
('1201154159', 'ARDITO DARMAWAN', ''),
('1201154162', 'ELVAN KADAHRULSALAM', ''),
('1201154163', 'SANDY KHADAFI', ''),
('1201154164', 'MAULANA ALIF ANUGRAH', ''),
('1201154165', 'ANDRI ALWAN D', ''),
('1201154166', 'AHMAD MAKHDUM BADAWI', ''),
('1201154168', 'FAUZAN RAHMATULLAH', ''),
('1201154169', 'NOVRI NUR RIZKI', ''),
('1201154170', 'MOHAMMAD ALFIAN ADHI SAPUTRO', ''),
('1201154171', 'M. RAYES', ''),
('1201154172', 'MUHAMMAD FADHIL HABIBIE', ''),
('1201154173', 'MUHAMMAD RIZKY HASYA', ''),
('1201154174', 'AFIF IRFANSYAH', ''),
('1201154175', 'MUHAMAD ALVIN MULYONO', ''),
('1201154177', 'TAMADO EFRAIM', ''),
('1201154178', 'MUHAMAD REYNALDI', ''),
('1201154179', 'FEBRI HARLEN', ''),
('1201154180', 'ARBIE SUNDOYO', ''),
('1201154182', 'HUSEIN BIMANTORO', ''),
('1201154183', 'FAUZI NURRAHMAN', ''),
('1201154184', 'ARIF INDRA SATRIA', ''),
('1201154185', 'NAUFAL FAUZAN', ''),
('1201154186', 'KEVIN DWI SYAHPUTRA', ''),
('1201154187', 'ACHMAD NUR FAUZI', ''),
('1201154188', 'ALWY FADLY', ''),
('1201154189', 'YONATAN ONNY PRANATA', ''),
('1201154190', 'DELLA PRASETYA ISWARA', ''),
('1201154191', 'ANDI SETYO ARDANA', ''),
('1201154192', 'MUHAMMAD RIZKI ALFARIZI', ''),
('1201154193', 'MUHAMMAD ILHAM MAULANA', ''),
('1201154194', 'MUHAMMAD HIDAYAT', ''),
('1201154195', 'ARWANDA BUDIONO', ''),
('1201154196', 'MUHAMAD HAKIM A.S', ''),
('1201154198', 'REINALDI DWI BASKORO', ''),
('1201154199', 'FAUZAN NOVENDRA PUTRA YASYA', ''),
('1201154200', 'NOVALDI DWIPUTRA', ''),
('1201154201', 'PANJI AGDA', ''),
('1201154202', 'ALJOEVETO MUHARAM PUTRA', ''),
('1201154203', 'AUFA SATRIA', ''),
('1201154204', 'HASNIL SYAM', ''),
('1201154205', 'DWI DAFA DOIFULLAH', ''),
('1201154206', 'RAY FATHKA AKIKO', ''),
('1201154207', 'ELVAN PRATAMA', ''),
('1201154208', 'MOCHAMAD RIEPSA FADILLA', ''),
('1201154210', 'HAIKAL MUNAWAR FIKRI', ''),
('1201154211', 'KARTIKO ARYA YUDISTIRA', ''),
('1201154212', 'DIMAS CAHYA ANUGRAH', ''),
('1201154214', 'MUHAMAD ALI YUSUF', ''),
('1201154216', 'GERHARD IMANUEL S.', ''),
('1201154217', 'GILANG MANGESTIKA', ''),
('1201154218', 'AKHMAL MUAMMAR DWIKI RAFSANJANI', ''),
('1201154219', 'RIDHO ABDILLAH PERMANA', ''),
('1201154220', 'LINTONG TARNAMA LUMBANTORUAN', ''),
('1201154222', 'ELDWIN ILHAM MURPRATOMO', ''),
('1201154223', 'RIO ZULIAN MAULANA', ''),
('1201154224', 'BIMA AGUNG LAKSANA', ''),
('1201154226', 'KAMAL IHSAN ALI SYUHADA', ''),
('1201154227', 'ILHAM RAMLI', ''),
('1201154228', 'MUHAMMAD RIFKY KANTAPRAWIRA', ''),
('1201154229', 'I GUSTI NGURAH BAGUS ARYA DANANJAYA', ''),
('1201154230', 'ARNOL HENDRA MANYU', ''),
('1201154231', 'RANGGA HP', ''),
('1201154232', 'HARI SETIAWAN', ''),
('1201154235', 'KETMANTO', ''),
('1201154237', 'BAGOES MUCHAMMAD FAIZAL', ''),
('1201154238', 'MUHAMAD AMRULLAH FAQIH', ''),
('1201154240', 'IRSYAD BASKARA', ''),
('1201154241', 'RAKA DIRGANTARA', ''),
('1201154242', 'FACHRI RAZIQ EL AHMADY', ''),
('1201154243', 'CHIRSTIAN DHIMAS', ''),
('1201154244', 'MUHAMMAD IMAM RA\'IS', ''),
('1201154245', 'MAKKI FATHURRAHMAN', ''),
('1201154247', 'ILHAM ALGEFARI', ''),
('1201154248', 'WYDZKA TASHA AULIA AKBAR', ''),
('1201154251', 'FARID ARDIKA DASUM', ''),
('1201154252', 'FAWWAZ EL GIFARI', ''),
('1201154253', 'MUHAMMAD RIZKI APRILIANSYAH', ''),
('1201154255', 'ANDRIAN BIMA', ''),
('1201154258', 'ROZI ABRORI FATHURROCHIM', ''),
('1201154259', 'ADITYA RIZKI FAUZI', ''),
('1201154260', 'MUHAMMAD AKHBAR FIKRIANSYAH', ''),
('1201154261', 'AULIA SOANGKUPON SIREGAR', ''),
('1201154263', 'MOHAMMAD YASIN', ''),
('1201154264', 'HILMI LUTFI', ''),
('1201154265', 'FAJAR', ''),
('1201154266', 'ERIK RAKHA RIZQULLAH', ''),
('1201154267', 'I NENGAH WIDIANA PUTRA', ''),
('1201154268', 'MUHAMMAD ZAKI AZHAR', ''),
('1201154270', 'MUHAMMAD TETUKO BUDI LAKSONO', ''),
('1201154271', 'BAGAS ARDHI PRATAMA', ''),
('1201154274', 'CAKRA RANA WIJAYA', ''),
('1201154275', 'ADITYA DHANIYANTO', ''),
('1201154277', 'RAVIZQI ADITYA', ''),
('1201154279', 'FAZA FIRDAUS NURSULA', ''),
('1201154280', 'DAVY RHESA PUTRA PRATAMA', ''),
('1201154282', 'RADEN FARHAN ASHADIAR', ''),
('1201154283', 'HILMAN ABI RAFDI', ''),
('1201154285', 'PRAYOGA SUMADI', ''),
('1201154290', 'DENTA ELVIANDA RIZKI R.', ''),
('1201154324', 'DEWI INTAN SARI', ''),
('1201154325', 'SISKA FEBRIYANTI', ''),
('1201154326', 'RAISA NURFADILA', ''),
('1201154327', 'SAORI DWISASKIA S', ''),
('1201154328', 'DEWI SHINTA M', ''),
('1201154330', 'AULIA DIAH FITRIANINGTYAS', ''),
('1201154331', 'ADINDA RAHMI HUMAIRA', ''),
('1201154332', 'PATRICIA AMELIA', ''),
('1201154333', 'RIZKI SYOFIA QOLBIAH', ''),
('1201154334', 'INTAN PERMATASARI', ''),
('1201154335', 'PUTRI FATIMAH', ''),
('1201154336', 'DIANA ARVIANA LESTARI', ''),
('1201154338', 'RENATA GANISWARA', ''),
('1201154339', 'FAUZIYYAH EKA S.', ''),
('1201154340', 'SHAFIRA AMANDA UMAR', ''),
('1201154342', 'MEGA DWICAHYA', ''),
('1201154343', 'SITI ALMIRA MU\'MINAH', ''),
('1201154344', 'MIRANTI', ''),
('1201154345', 'NURUL FARHANA', ''),
('1201154347', 'UTAMI WULANDARI', ''),
('1201154348', 'SONIA RAMADONA', ''),
('1201154349', 'RIANI SRIKANDI', ''),
('1201154350', 'CHAULA TRIZA PUTRI', ''),
('1201154351', 'INDIRA SAVITRI', ''),
('1201154352', 'KENANDA ARDHENARISWARI S', ''),
('1201154354', 'TRI WAHYU SETYAWATI', ''),
('1201154355', 'TULUSIANI WIDJANARKO', ''),
('1201154356', 'PUTRI MEIRA NABILA', ''),
('1201154357', 'TRIANA SURYANI', ''),
('1201154358', 'NISSA YUNITA P', ''),
('1201154359', 'FITRA AKBAROKAH', ''),
('1201154360', 'INTAN NOVHELA', ''),
('1201154362', 'PUTU AYU ANGGRASARI WIRAWARDANI', ''),
('1201154363', 'AJENG KIRANA', ''),
('1201154364', 'ANDWI WULANSARI', ''),
('1201154365', 'SAFINAH RIZKIYANI', ''),
('1201154366', 'SALMA NURRAFIANTI', ''),
('1201154367', 'KHAIRATUN NISA', ''),
('1201154368', 'RACHMATUL BAETY', ''),
('1201154369', 'ANDREA DEWI LINGGANI', ''),
('1201154371', 'NINDIRA RIZKITA', ''),
('1201154372', 'CENDANA WIDYANINGTYAS PERMATARASARI', ''),
('1201154373', 'NADIA UTARI', ''),
('1201154374', 'HASNAWATI PIETYA SOLEHAH', ''),
('1201154375', 'MASFUFAH MOTIK LARASATI', ''),
('1201154376', 'NENCY YULIANA PUTRI', ''),
('1201154377', 'FARAH AFIFAH', ''),
('1201154378', 'RISYA RAHMASARI KOSASIH', ''),
('1201154379', 'DIAN RAHMANIA', ''),
('1201154380', 'INDAH AYU MELANINHGSIH', ''),
('1201154381', 'YUMNA SABILA', ''),
('1201154382', 'WIDIA ZULHAFIZAH', ''),
('1201154383', 'DURROTUS SAADATI', ''),
('1201154384', 'FAHIRA ALYAYUSI L', ''),
('1201154385', 'NOVIA MIFTAQUL JANNAH', ''),
('1201154386', 'HELGA OLIVIA NAULI', ''),
('1201154387', 'ZAHROH OLIVIANY FT', ''),
('1201154388', 'TIARA EMING YUDHASTRI', ''),
('1201154392', 'WIBIA WIDOWATI', ''),
('1201154393', 'NANDA MARHANDHIKA PUTRI', ''),
('1201154394', 'MIA MAULIDAH AWALIYAH', ''),
('1201154395', 'AMALIA PRATIWI', ''),
('1201154396', 'CYNTHIA FRESKY ANGELINA', ''),
('1201154397', 'MIFTHAHUL FATHIA', ''),
('1201154398', 'RATIH FEBIYANTI', ''),
('1201154400', 'NI PUTU TIARA SANTI', ''),
('1201154402', 'FAADHILAH ALWI', ''),
('1201154403', 'AQIILAH KHOIRIYYAH HUSNA', ''),
('1201154404', 'ANISA NURFADILAH', ''),
('1201154405', 'MIA RIZQI MAULIDA', ''),
('1201154406', 'SANTY AGRASARI', ''),
('1201154407', 'INDI ERDINIATY', ''),
('1201154408', 'DINDA AYU NURINDAHSARI', ''),
('1201154410', 'AZHARINE ANANDA', ''),
('1201154411', 'RESKA AYU SULISTYANINGSIH', ''),
('1201154412', 'EVA RAHMAWATI', ''),
('1201154413', 'TIARA AYU LESTARI', ''),
('1201154414', 'YANUARI RANI S', ''),
('1201154415', 'TANIA SILVANI', ''),
('1201154416', 'BUNG AYUNING SYARIFAH', ''),
('1201154417', 'OKKY SAFIRA', ''),
('1201154418', 'WIRDA HAMRO AFIVA', ''),
('1201154419', 'LINDA AYUMNA P', ''),
('1201154420', 'SEVY SAFIRA HANDINI', ''),
('1201154422', 'SALWA NABILA IZZA SALSABILA', ''),
('1201154423', 'AISYA KHAIRUNISA', ''),
('1201154424', 'YUNITA PUTRI GITA', ''),
('1201154425', 'FIRJATULLAH NASTARI', ''),
('1201154426', 'RISKA AYU HANIFAH', ''),
('1201154427', 'ARDIAH WAHYU CAHYANI', ''),
('1201154428', 'MEUTHIA MURFI', ''),
('1201154429', 'ASHSYFA GUSTINA', ''),
('1201154430', 'PUTRI RAHMA MULIAWATI', ''),
('1201154431', 'GHINA ZHAFIRAH', ''),
('1201154432', 'DWI SELA TRESNASARI', ''),
('1201154433', 'NANCY PUTRI RAMADHANI', ''),
('1201154434', 'FIYANIKA AMALIA P', ''),
('1201154435', 'ROMY SEFTIVANI A.', ''),
('1201154436', 'HASNA FITRI N', ''),
('1201154437', 'AULIA INDANA ZULFA', ''),
('1201154438', 'YONA RIZKITA CINDO', ''),
('1201154439', 'LUTFITA ASTIFANI RUNDANA', ''),
('1201154440', 'SARAH WAHYUNI', ''),
('1201154441', 'PUTRI MAULANI FAUZI', ''),
('1201154443', 'ADITIA SETIA WARDHANI', ''),
('1201154445', 'NUR FALAH SOFIATUL JANNAH', ''),
('1201154446', 'PRAMESTI INTAN MEUTHIA', ''),
('1201154447', 'RISTY MAYANG SARI', ''),
('1201154450', 'AYU MUFIDA AULIA', ''),
('1201154451', 'ANINDITHA DJUARSA', ''),
('1201154453', 'PUTRI RATNASARI', ''),
('1201154454', 'PEBRINA DONNA IZZAQI', ''),
('1201154455', 'AYU ARISTA LAMATO', ''),
('1201154456', 'MENTARI LARASATI', ''),
('1201154457', 'MUTHI MAITSA ZULFATRI', ''),
('1201154458', 'GHINA TIYASTI HUTAMI', ''),
('1201154459', 'WIDIA RETNOAYU', ''),
('1201154460', 'HANA NABILAH', ''),
('1201154462', 'PUTRI AYU WULANDARI', ''),
('1201154463', 'NAJAH', ''),
('1201154464', 'ANJANI MAULAYA', ''),
('1201154465', 'IRVANIDA SYAZWANIYYA MAUDYA IHSANI', ''),
('1201154466', 'EVITA RENGGANIS', ''),
('1201154467', 'LAILATUL FITRI', ''),
('1201154468', 'DINA LAILI SAFITRI', ''),
('1201154470', 'NABILA VIDYA ARIANI', ''),
('1201154471', 'DIAH AYU LAKSITA', ''),
('1201154472', 'RIZKY ADELIA', ''),
('1201154474', 'ZHARALIN SURYAPUTRI', ''),
('1201154475', 'ULUL AZMI', ''),
('1201154477', 'FRISKA SOLOGIA', ''),
('1201154479', 'HANDINI OCTAFIA', ''),
('1201154480', 'LINDSAY BEANNING', ''),
('1201154481', 'FITALOKA DIAH A', ''),
('1201154482', 'FENITA NABILAH', ''),
('1201154483', 'SHELLA PUTRI YOULANDASARI', ''),
('1201154484', 'NOVITA PERMATA SARI', ''),
('1201154486', 'ARNIS ARISMA PUTRI', ''),
('1201154488', 'BAIQ RISMA SULISTIANA', ''),
('1201154489', 'ANDINI PRATIWI', ''),
('1201154492', 'GABRIELLA MARGARETH HUTASOIT', ''),
('1201154522', 'RIFADLI DOKTAWIRANDA AGUSDIN', ''),
('1201154523', 'MUHAMMAD FADLY', ''),
('1201154525', 'INTAN ADZANI YUNUS', ''),
('1201154530', 'MUHAMMAD GALIH NISKALA. K', ''),
('1201154531', 'AGUNG GEDE DWISUYOGA', ''),
('1201154535', 'MUHAMMAD ICHSAN NURLIYAN', ''),
('1201154538', 'OLIVIA CAHYANINGDHIA S.P.', ''),
('1201154540', 'DZULHIA ARDIATY', ''),
('1201154543', 'NUR AINI AJENG JULIAWATI', ''),
('1201154160', 'RAVI ALVIANTO', ''),
('1201150004', 'JOHANES HARYO S', ''),
('1201140343', 'FADHILAH', ''),
('1201144223', 'SHAFIRA TASYANI NASUTION', ''),
('1201140091', 'CITRA SEPTI BRILLIANE', ''),
('1201144162', 'MUHAMMAD HANIF RAMADHAN', ''),
('1201144431', 'RUDYTA LUCYANA ROSIDI', ''),
('1201140433', 'MUTIA PUSPITA OKTAVIANA', ''),
('1201150043', 'FARHAN FATUR RAHMAN', ''),
('1201154391', 'FATIA MULYAHATI YUNUS', ''),
('1201154487', 'ELSA WAHYU HARLIANA', ''),
('1201150034', 'M. STIVANDRY W', ''),
('1201154370', 'ALISYA PRAMESTI', ''),
('1201154442', 'ANNISA PRIAS MAYSARAH', ''),
('1201144026', 'MUHAMMAD ALIF SEPTA FADHILA PUTRA', ''),
('1201140048', 'ZALFA HUSNUL AFIFAH', ''),
('1201153506', 'JEREMY CHRISTOPHER', ''),
('1201153512', 'WILLY RICHIE EFFENDI', ''),
('1201153508', 'RAUL ADITAMA DEVAR', ''),
('1201144264', 'RIZKY RIZALDY PRIATNA', ''),
('1201150005', 'GILANG PRADANA', ''),
('1201154361', 'NUGITA ARLENDATAMA', ''),
('1201154401', 'RARA NIKEN RAMADHANY', ''),
('1201150053', 'MUHAMMAD IQBAL PRANATIO', ''),
('1201154197', 'MAULANA ADI SAKSONO', ''),
('1201154389', 'AMELIA PUTRI ANISA', ''),
('1201154101', 'LATIP SUTIYANA', ''),
('1201154209', 'RIZKI EKA RIDANI', ''),
('1201154353', 'FIDELA HARDIYANTI NARISWARI', ''),
('1201150029', 'BAGUS MURDIYANTORO', ''),
('1201154065', 'ESA PURNAMA', ''),
('1201154281', 'IHFAN FAJAR SATRIA', ''),
('1201150041', 'FAHREZA FADHIL HAKEKI', ''),
('1201150305', 'AYU SASKIA PRISCILLA HARRIS', ''),
('1201154257', 'WILLIARDY ADHUM PRATAMA', ''),
('1201154269', 'PRIMA HUTAMA', ''),
('1201154473', 'AUDREY RAHMANTI UNADI', ''),
('1201154485', 'DINDA NURLISA RIANTY', ''),
('1201154077', 'MUHAMMAD FARHAN FATHURRAHMAN', ''),
('1201154221', 'FAUZAN GHIFARI PRAKOSO', ''),
('1201154449', 'SETYORINI AYU YULI HARDIANTI', ''),
('1201154113', 'IVAN GANIKA BIYANTORO', ''),
('1201154149', 'MUHAMMAD HUMAM HAEKAL', ''),
('1201154329', 'KEYNA RATU NEFIRA', ''),
('1201154075', 'HARIADI TRIJATI NUGROHO', ''),
('1201160014', 'PAXY RAMADHAN', ''),
('1201160248', 'PANGESTU RIZKY PURNAMA', ''),
('1201160356', 'DEBORA DEVANI SINAGA', ''),
('1201160405', 'SALMA PRATIWI HAFIDZ', ''),
('1201160498', 'PRANTIA AMANDA', ''),
('1201164001', 'MARIA FRANCISCA RARAS DEWANTARI', ''),
('1201164027', 'YESICA BERLIANA CHRISMADORA', ''),
('1201164040', 'STEVANUS YUSTIAWAN', ''),
('1201164053', 'BELA PITRIA HAKIM', ''),
('1201164065', 'RAMADHAN SINAGA', ''),
('1201164077', 'LUH PUTU DEWI AYU TARI', ''),
('1201164090', 'M ARDIAN SUGIHARTO', ''),
('1201164102', 'NUR FADILLA', ''),
('1201164114', 'AULIA ADINA', ''),
('1201164126', 'NIKEN ADHINDA WARASTUTY', ''),
('1201164138', 'RADEN VENA VENTIANY SUMANTA', ''),
('1201164150', 'FATHURRIDHA ABDI DARMAWAN', ''),
('1201164163', 'SAMUDRA CAHYONO', ''),
('1201164175', 'SHOFWAN PALWISAPUTRA', ''),
('1201164187', 'HILDA FIBRIANTI', ''),
('1201164199', 'SYAVIRA RAMADIANTI', ''),
('1201164211', 'AHMAD MUFLIH SAEPUDIN', ''),
('1201164224', 'NAUFALDANNY FARHAN SHIDDIEQ', ''),
('1201164236', 'I GEDE WIRA RANATA', ''),
('1201164260', 'MUHAMMAD DHIKU WIDYOSEKTI', ''),
('1201164272', 'HILMI FAUZI', ''),
('1201164284', 'ARRIVAN DIKA SANTOSA', ''),
('1201164296', 'FARAH FADHILA MULYADI', ''),
('1201164308', 'ANUGERAH TRISATRYO', ''),
('1201164320', 'RASYAD PRASETIO AJI', ''),
('1201164332', 'RYAN GAMAS AGROMEGA', ''),
('1201164344', 'NOVIA UTAMI PUTRI', ''),
('1201164368', 'JEREMY RAY CRISTIAN', ''),
('1201164380', 'M RAPIH ATMANEGARA', ''),
('1201164393', 'NINDYA TRIANA PUTRI', ''),
('1201164418', 'PUTRI ETRIF HANIFA', ''),
('1201164432', 'YOSUA ANDREW HAMONANGAN', ''),
('1201164451', 'ANANDA KEANU AJI PRAWIRA', ''),
('1201164469', 'DICK ARCHANDANA PRATAMA', ''),
('1201164482', 'FADHIL HILMI ALHABIB', ''),
('1201160028', 'APSARI SHANTI NAYOAN', ''),
('1201160127', 'ADINDA DAMAYANTI', ''),
('1201160261', 'SILMI KAAFFAH', ''),
('1201160333', 'SHAFY HAFIDZ', ''),
('1201160345', 'VADILLA RAHMADANIARTI', ''),
('1201160357', 'DIO TAQIY ASYROF', ''),
('1201160406', 'MUHAMMAD RAHMADANA', ''),
('1201160452', 'FIRDAUSA RAMADHANTI', ''),
('1201162369', 'MUHAMMAD HANIF IMADUDDIN', ''),
('1201163433', 'FARHAN ARDHITO', ''),
('1201164003', 'MUHAMMAD NAUFAL NURLIYAN', ''),
('1201164015', 'HASYIM IFNU AKBARI', ''),
('1201164041', 'JANIS NURUL AULIA', ''),
('1201164054', 'NADIA LUQIANA', ''),
('1201164066', 'DIO PANJI CAENANDO', ''),
('1201164078', 'DIAN HAYYU RANA MUNA', ''),
('1201164091', 'DHAIFINA ANNAS TAZKIYA', ''),
('1201164103', 'RIFDAH AZHAARI', ''),
('1201164115', 'NISA NURAINI', ''),
('1201164139', 'DESTIFA JODIARINI PUTRI', ''),
('1201164151', 'ESENSIL MAN HIA', ''),
('1201164164', 'MARTHA LAURA PURBA', ''),
('1201164176', 'R MIRZA F JUARSAH', ''),
('1201164188', 'BRENI ENCY PURBA', ''),
('1201164200', 'HILMAN MAULANA', ''),
('1201164213', 'AKBAR DWIKI SETIAWAN', ''),
('1201164225', 'I PUTU SURYA ADI PRASTAMAN', ''),
('1201164237', 'IQBAL BAIHAQI FIRDIANSYAH', ''),
('1201164249', 'VIRDA BERLIANTI PRATIWI', ''),
('1201164273', 'RINI OCTAVIANY', ''),
('1201164285', 'ZHARFAN AFIF PRATAMA', ''),
('1201164297', 'BELLA YULIANTI', ''),
('1201164309', 'KEVIN GABRIANTO RIZKY PERDANA', ''),
('1201164321', 'GILANG BAGAS SATRIA PRADANA', ''),
('1201164381', 'MOCHAMMAD ALDIO HAMZAH PUTRA', ''),
('1201164394', 'ERIKA ASIHYANTO SAPUTRI', ''),
('1201164419', 'ADINANTYAS PRASOJO', ''),
('1201164470', 'MUHAMMAD ABDUL AZIZ', ''),
('1201164484', 'FACHRIZA HIDAYA THOYIB', ''),
('1201164499', 'INDRAWAN ARFID', ''),
('1201160016', 'ZAKY UMAR RACHMAN', ''),
('1201160092', 'CAHYA WULAN JAYANINGRUM', ''),
('1201160152', 'INDRA HARYO DEWANTO', ''),
('1201160334', 'WIDIGDO ADHY UTOMO', ''),
('1201160346', 'IMMANUEL HASINTONGAN CHRISTOPHER SINAMBELA', ''),
('1201160471', 'RORO DANIELA TAWANG PUTRI', ''),
('1201163485', 'MUHAMMAD LUTHFI DARMAWAN', ''),
('1201164004', 'MUHAMMAD FAKHRUL MUKMIN', ''),
('1201164029', 'NOVITA ZANNAH SARI', ''),
('1201164042', 'ARIEF ADHITYA RAHMAN', ''),
('1201164055', 'ADITYA NURMAN HABIB', ''),
('1201164067', 'IQBAL MIFTAHUDIN', ''),
('1201164079', 'CHRISTIAN MARULI', ''),
('1201164104', 'VICKY NURDIAWATI', ''),
('1201164116', 'MUTHIA KHAIRUNNISA', ''),
('1201164128', 'ALFRIYANI OKTAVIA HUTASOIT', ''),
('1201164140', 'FATHAN GIFFARI AKBAR', ''),
('1201164165', 'IKSAN BUDIMAN', ''),
('1201164177', 'JASMINE RAISYA SALSABILA', ''),
('1201164189', 'ZIDNI SYAKURI', ''),
('1201164201', 'ANINDITA DEWI ARTANTI', ''),
('1201164214', 'MUHAMAD ULUL ALBAB', ''),
('1201164226', 'PUJI PRABAWA MUALIM', ''),
('1201164238', 'REZA SULISTIANTO', ''),
('1201164250', 'MUHAMMAD FACHRURROZI AKBAR', ''),
('1201164262', 'DAFFA MUKHTAR DZAKIR', ''),
('1201164274', 'DEANDRA NOBELA YAHYA', ''),
('1201164286', 'MUHAMMAD FACHRUZZAKA MARTABAYA', ''),
('1201164298', 'LARAS RIZKIA', ''),
('1201164310', 'WILDAN CHAIRUL FAQQIE', ''),
('1201164322', 'MUHAMMAD FAHREZA FIRDAUS', ''),
('1201164358', 'ALMIRA ZANA PRATAMA', ''),
('1201164370', 'MARYUDI RAHMA SAPUTRA', ''),
('1201164382', 'M AGUNG HAMBALI', ''),
('1201164395', 'SITI NUR HAMIDAH', ''),
('1201164407', 'MELVIANI KAROLIN KAMARALO', ''),
('1201164434', 'BAGAS SIDIQ BUDIARGO', ''),
('1201164455', 'RYANDIKA HARDITYA', ''),
('1201164500', 'MUHAMMAD QALYUBI', ''),
('1201160068', 'ANAK AGUNG SRI NANDINI', ''),
('1201160129', 'THAMARA', ''),
('1201160275', 'HERU BAHARUDIN YUSUP', ''),
('1201160359', 'NADYA FIRDHAUSYA', ''),
('1201160396', 'FEILIANA', ''),
('1201160422', 'ERLANG PASHA SIDIQ', ''),
('1201162190', 'MOCHAMMAD RIFALDI BACHTIAR', ''),
('1201163056', 'HERVIN TRI PUTRA', ''),
('1201164005', 'SRI YUZARNIMAR', ''),
('1201164018', 'M IKHBAL EFENDI', ''),
('1201164030', 'TRI MAISYAH NUGRAH SAMUDRO', ''),
('1201164043', 'ELISIA WORLINDA NAINGGOLAN', ''),
('1201164068', 'PUTRA ASH SHIDDIQ', ''),
('1201164080', 'MUHAMMAD RAFI', ''),
('1201164093', 'NI PUTU CYNTHIA SASMITA DEWI', ''),
('1201164105', 'FAUZIAH RAHMAWATI', ''),
('1201164117', 'KEVIN FIRDAUS', ''),
('1201164141', 'DEANNA AULIYA FARID', ''),
('1201164153', 'HELMI ASTARIFKI MULYADI', ''),
('1201164166', 'MUHAMMAD RIZKY ADITHYA TRIWARDHANA', ''),
('1201164178', 'M IRFAN HAMMADI AHADIS', ''),
('1201164202', 'WISNU YUDA KRISENA', ''),
('1201164215', 'AGUNGBUDI RAHARJO', ''),
('1201164227', 'IMADUDDIN ABUBAKAR', ''),
('1201164239', 'GILANG RAHMAT WIBOWO', ''),
('1201164251', 'M AFIQ FAUZAN', ''),
('1201164263', 'AQILAH SMARTAZIZ KHOLIULLAH', ''),
('1201164287', 'ADELLA PUTRI ARINDITA', ''),
('1201164299', 'MUHAMMAD NAUFAL NOOR FARRAS DHAROSCA', ''),
('1201164311', 'ZULKARNAEN RASYID ADHINUGROHO', ''),
('1201164323', 'NURFIA WIDIANTI', ''),
('1201164335', 'KARINA BRILLIANTI', ''),
('1201164347', 'JESICA ANGELICA', ''),
('1201164371', 'RAMADHANI KURNIAWAN', ''),
('1201164383', 'AVERIEL AKMAL NUGRAHA', ''),
('1201164408', 'ALYA YULISTI FAUZIYYAH BACHTIAR', ''),
('1201164435', 'SYAHRIL YOGA', ''),
('1201164457', 'FARHAN EKA SAPUTRA', ''),
('1201164473', 'DESTI RIZKI ARTINI', ''),
('1201164486', 'ACEP INDRA GUNAWAN', ''),
('1201164502', 'YOLINA KETRIN SAFIRA', ''),
('1201160032', 'NAHYA QISTHI BUCHARI', ''),
('1201160142', 'RIANA SANIA SEPTIANI', ''),
('1201160324', 'SAEPUL ANWAR', ''),
('1201160348', 'AFI IHSANUL ARIEF', ''),
('1201160423', 'MUHAMMAD FIKRY ALI', ''),
('1201163385', 'SETIAWAN', ''),
('1201164006', 'FAHIRA NURAZIZAH', ''),
('1201164019', 'KHOLILATUL MUSTAGHFIROH', ''),
('1201164045', 'FARAH MARTARIZA PUTRI', ''),
('1201164057', 'AF`IDATUL ALMAS', ''),
('1201164069', 'CAUSA PRIMA QODRATI', ''),
('1201164081', 'ASYSYIFA RAMADHAN', ''),
('1201164094', 'NI KADEK AYU ANDINI', ''),
('1201164106', 'GRACE ANNE NATHASYA H', ''),
('1201164118', 'FIRYAL AMANI KHANSA', ''),
('1201164130', 'MUHAMMAD KAMAL FIKRI HARAHAP', ''),
('1201164154', 'AMIRA MILLATI DAVNIKA', ''),
('1201164167', 'INTAN HAYYU RANA MUNA', ''),
('1201164179', 'RIO TEGUH PERMANA', ''),
('1201164191', 'SALSABILA AMANY TUQA', ''),
('1201164203', 'MUHAMMAD REZA OCTAVINO', ''),
('1201164216', 'ILHAM NARENDA PUTRA', ''),
('1201164228', 'NADHIFAH AQILAH NUGRAHA', ''),
('1201164240', 'TIARA PANGGALIH KISIDA PUTRI', ''),
('1201164252', 'RAMDHANI YANUAR', ''),
('1201164264', 'ZAKARIA GUNADA', ''),
('1201164276', 'HARITS DZULYADDAIN', ''),
('1201164288', 'JORDAN GULTOM', ''),
('1201164300', 'PUTU MANIKAN AL-RAYEN UMBARA', ''),
('1201164312', 'MANUEL JALENSKI', ''),
('1201164336', 'ADELIA SULISTYANI', ''),
('1201164360', 'NANDA HAIKAL MUSJA', ''),
('1201164372', 'YUFIA RUSMALINA', ''),
('1201164397', 'PINKI MEITA PERMATA PUTRI', ''),
('1201164409', 'DHEA BESTARI ANUGRAH PUTRI', ''),
('1201164436', 'BIMO HILMIDZAKI NUGROHO', ''),
('1201164461', 'HARI AKBAR SANTOSA WA', ''),
('1201164487', 'DESROSA MAULIZAR', ''),
('1201164503', 'SHIDQY AHMAD RENALDI', ''),
('1201160033', 'BENNY FERNOSA', ''),
('1201160143', 'NAURA ALFIYYA RAMADHANTI', ''),
('1201160253', 'MUHAMMAD CADIAK GARI LINDO', ''),
('1201160373', 'RIDHO RAHATESA', ''),
('1201164007', 'MAHARANI FUJI LESTARI', ''),
('1201164020', 'NYOMAN CHITTA MAHAYANTI', ''),
('1201164046', 'LAILA RAFIDAH HUSNA', ''),
('1201164058', 'IVANDER RIZKY SUHARTO', ''),
('1201164070', 'KIKIN NUR ULYA IINDRAWATI', ''),
('1201164082', 'LUTHFI ROMIZ HUSAINI', ''),
('1201164095', 'AMELLYA CHONITHA BAYU', ''),
('1201164107', 'FARIZ SEPTIAN', ''),
('1201164119', 'IHSANUDDIN KHRISTANTO DWI NUGROHO', ''),
('1201164131', 'DANIA QATRUNNADA', ''),
('1201164155', 'IKHSANA DIANA PUTRI', ''),
('1201164168', 'M. RAFKA IHZA S', ''),
('1201164180', 'AYU KHALIM MENTARI', ''),
('1201164192', 'EBEN SADANA PANE', ''),
('1201164204', 'MARCUS GALENIUS LIMAHELU', ''),
('1201164217', 'SABRINA DIANA PRATIWI', ''),
('1201164229', 'RIFQI RHEZA PRATHAMA', ''),
('1201164241', 'BIMA PRATAMA PUTRA', ''),
('1201164265', 'RATIH NURSANDRA DEWI', ''),
('1201164277', 'AHMAD ADZHAM ANUGRAH KUSUMA', ''),
('1201164289', 'ANDRE DWI MASQAH', ''),
('1201164301', 'MARUDUT ANDIKA SIMARMATA', ''),
('1201164313', 'MUHAMMAD FIKRIANSYAH', ''),
('1201164325', 'AULIA YOGI FACHLIVAN', ''),
('1201164337', 'LAZUARDI IMAN MAULUDI', ''),
('1201164349', 'RIZKI RAMADHAN', ''),
('1201164361', 'SYAUQI RABBANI NURFACHMI DAHLAN', ''),
('1201164386', 'R.LAKSAMANA DWICAHYO ARYADI', ''),
('1201164398', 'ISTI SALMA FAUZIYAH', ''),
('1201164411', 'MUHAMMAD IBNU RAMADHAN', ''),
('1201164424', 'MAHARDDHIKA ADITYA', ''),
('1201164437', 'AMAR MAULANA', ''),
('1201164462', 'FAKHIRAH NUR ALIFAH', ''),
('1201164475', 'ALIA AGISTINA', ''),
('1201164488', 'MUHAMMAD IQBAL BUDIMAN', ''),
('1201160132', 'ANGGIT PRATAMA', ''),
('1201160144', 'CITRA PUSPANINGRUM', ''),
('1201160254', 'FARHAN IHZA IMRAN', ''),
('1201160290', 'HERU KURNIAWAN', ''),
('1201160338', 'RULLY SATRIAWAN', ''),
('1201160438', 'DANDI MUHAMMAD ALIM', ''),
('1201162071', 'SALSHA GILANG MADANI', ''),
('1201162374', 'RAFAELLA ANASTASIA', ''),
('1201163218', 'ILHAM SAHERDIAN', ''),
('1201164008', 'MUHAMMAD FAUZI ROFIQ', ''),
('1201164021', 'SARASTYA DEWI', ''),
('1201164034', 'ARGON BAYU SAPUTRO', ''),
('1201164047', 'RIZKA AMALIA ZAHRA', ''),
('1201164059', 'MOCHAMAD FAKHRI PRATAMA IRAWAN', ''),
('1201164083', 'RIA MEGASARI', ''),
('1201164096', 'YOHANES FAJAR SITOHANG', ''),
('1201164108', 'AW ROSALINA ABJAMIS', ''),
('1201164120', 'NINDYTHA SALSABILA KARA NOOR', ''),
('1201164156', 'I PUTU RANGGA PERBAWA', ''),
('1201164169', 'RIDANI FAULIKA FIARINI', ''),
('1201164181', 'MUHAMMAD AKBAR RAKA RAMADHAN', ''),
('1201164193', 'WASKITHO PAMBUDI', ''),
('1201164205', 'REIRI AYU RISYANI', ''),
('1201164230', 'RIZQI NUR SAFITRI', ''),
('1201164242', 'MOHAMMAD FUAD FARISI', ''),
('1201164266', 'VINCENTIUS ANSEL SUPPA', ''),
('1201164278', 'REINALDI KUDRAT FADHILAH', ''),
('1201164302', 'ADITYA BAGUS PRAKOSO', ''),
('1201164314', 'AJENG SARWENDAH ARYANINGRUM', ''),
('1201164326', 'AQFIE JUMIDHAL ARDHA', ''),
('1201164350', 'FATIH ILHAM PERMANA', ''),
('1201164362', 'BRILLIANT RAFLY PRAMANA PUTRA', ''),
('1201164387', 'SATRIA RAHMADANI PUTRA', ''),
('1201164399', 'MUHAMMAD RAIHANNATULLAH', ''),
('1201164412', 'SASMITA AYU CAHYANINGTYAS', ''),
('1201164426', 'MUHAMAD ARIEF DAMANHURI', ''),
('1201164463', 'DEVANY RAMADHANTY', ''),
('1201164476', 'FAKHRI FAUZI', ''),
('1201164489', 'DIO CIKA ANUGRAH', ''),
('1201160009', 'BOING ILHAM HANISAPUTRO', ''),
('1201160048', 'FIRLY DEWI WIBISONO', ''),
('1201160072', 'DITA SWADANDIKA', ''),
('1201160109', 'TIARA ANANDA HUSEN', ''),
('1201160121', 'DEVA MARKANO', ''),
('1201160157', 'ANDHYMURTI TIMUR HERYANTO', ''),
('1201160303', 'MUHAMMAD YUMNA MAJDINA', ''),
('1201160339', 'RASYAD NAUFALANA HAUZAN', ''),
('1201160413', 'MUHAMMAD GILLAN FARHA HENIKAPUTRA', ''),
('1201160427', 'RAIS YUFLI XAVIERULLAH', ''),
('1201160439', 'IRSYAD SHIDQI RAMADHAN', ''),
('1201160477', 'DAMARIO HAZNAM', ''),
('1201164022', 'KHALID FAJAR HARAHAP', ''),
('1201164035', 'ALYA HANIF ISTIQOMAH', ''),
('1201164060', 'DEDE WILDAN GINANJAR', ''),
('1201164084', 'DARY SAKHA NURWITONO', ''),
('1201164097', 'ANGELINA DESANDRA ADVENTA', ''),
('1201164133', 'ANNISA YUSTISYA', ''),
('1201164145', 'GITANJALI WIDAYU DIATRI', ''),
('1201164170', 'NAUFAL RIFAT MUHAMMAD HARRIS', ''),
('1201164182', 'ALIF MUHAMMAD JATI MUSTIKO', ''),
('1201164194', 'BIMA DWICA ANANTO', ''),
('1201164206', 'PUTU SHANTI MAHADEWI', ''),
('1201164219', 'NAUFAL DZIKRI AFIFI', ''),
('1201164231', 'MUHAMAD HELMI', ''),
('1201164243', 'AHMAD RAFI FAUZAN', ''),
('1201164255', 'IRFAN RACHMAWAN', ''),
('1201164267', 'DWI WAHYUNI', ''),
('1201164279', 'GHINA SALSABILA', ''),
('1201164291', 'FAISAL AKBAR', ''),
('1201164315', 'SEVTIAN NUR RACHMADI', ''),
('1201164327', 'YOGA CAHYO WIBOWO', ''),
('1201164351', 'TYAS MARHENI SUSILOWATI', ''),
('1201164363', 'MA`ARIEF MUHAMMAD', ''),
('1201164375', 'SALSABILA ALYA HUSEIN', ''),
('1201164388', 'SAMSUL MUHAMAD RAMDAN', ''),
('1201164400', 'RULLY RACHMAN', ''),
('1201164464', 'ARVAN FIRMANSYAH HASIBUAN', ''),
('1201164491', 'MUTIARA HALIFAH', ''),
('1201160036', 'RAIHAN FACHREZI YUNUS', ''),
('1201160085', 'CHRISTINA NATALINE', ''),
('1201160195', 'AZZAVIRA LIYANSHURULLAH', ''),
('1201160340', 'MOHAMMAD WAHYU SILAYHAN', ''),
('1201160364', 'DEVA HIDAYAT', ''),
('1201160440', 'LANGKAH TAFAKKUR MUHAMMAD FATAHILLAH JUNDIL AMIN', ''),
('1201162465', 'ATIKAH RONAA AMBARARUM', ''),
('1201163328', 'FADHIL ARINDA FARID', ''),
('1201164010', 'FIRMAN SETIA NUGRAHA', ''),
('1201164023', 'MUHAMMAD CATUR PRIAMBODO', ''),
('1201164049', 'MADE GANDI WAHYU PUTRA', ''),
('1201164061', 'MUHAMMAD FAKHRY RAMADHAN', ''),
('1201164073', 'IVORY ALIFIA RAMADHANTY', ''),
('1201164098', 'JACINTA JASMINE', ''),
('1201164110', 'NABILA DWI LESTARI', ''),
('1201164122', 'REFILDA AGUSTRIYANTI', ''),
('1201164134', 'LEVINA DEVI SARASWATI', ''),
('1201164146', 'FARHAN NANDYAWAN SYARIEF', ''),
('1201164158', 'MUHAMMAD RIZKY FAWZI', ''),
('1201164171', 'ADRILA PUTRI AKBAR', ''),
('1201164183', 'MARIO ADIPRANA MUKI', ''),
('1201164207', 'KADEK WIRASUKESSA', ''),
('1201164220', 'VIRGYAWAN SAMAGAHA', ''),
('1201164232', 'RIKO HERLAMBANG', ''),
('1201164244', 'ADHITYA FAJAR RAMADHAN', ''),
('1201164256', 'REZKI SETIAWAN', ''),
('1201164268', 'DAHYAN SHABIRA FURQAN', ''),
('1201164280', 'MUHAMMAD ROSYID KRISWANTO', ''),
('1201164292', 'AMANDA SUCITA BRAHMANA', ''),
('1201164304', 'MOHAMMAD RIZKY', ''),
('1201164316', 'ALIZA BRAGASTA LAZUARDY', ''),
('1201164352', 'FIRNA ZANIA RAMADHANTY', ''),
('1201164376', 'FANY PUTRI NOVITASARI', ''),
('1201164389', 'FARIDHAH RAEHANISA PRIBADI', ''),
('1201164401', 'LA ODE MUHAMMAD SYARIF SIDI', ''),
('1201164414', 'RATNA MUFIDAH', ''),
('1201164428', 'AZMI FAHRURRIZA FAUZI', ''),
('1201164478', 'MUHAMMAD FAJAR', ''),
('1201164492', 'FARAH MELIA SATRIANA', ''),
('1201160099', 'MUHAMMAD SULTAN', ''),
('1201160221', 'RIFQY AMRULLAH', ''),
('1201160245', 'RIZKY DINAR KUSUMADEWI', ''),
('1201160353', 'MAHFUD ALFIRDAUS', ''),
('1201160479', 'BRIAN NANTA NUGRAHA', ''),
('1201160493', 'MUHAMMAD RIFANSYAH', ''),
('1201161135', 'FEBRYAN KHOIRUN YUSUF', ''),
('1201164011', 'FADHILLA RAMADHAN', ''),
('1201164024', 'REYHAN MUHAMMAD IHZA', ''),
('1201164037', 'NADYA SANIYYA RAMADHANTI', ''),
('1201164050', 'WINA RENANDA PUTRI', ''),
('1201164062', 'MOCHAMAD ALDI AL GHIFFARI', ''),
('1201164074', 'DINA DWI NOVELLA', ''),
('1201164087', 'HAFIDZ IRFANSYAHDANA BATUBARA', ''),
('1201164111', 'FADHIL HADIANTORO', ''),
('1201164123', 'WHENDY MARGARETA', ''),
('1201164147', 'AGUNG RIZKI PUTRA', ''),
('1201164159', 'MARENO FITRA', ''),
('1201164172', 'DWI RATNA MUGIA AMALIA', ''),
('1201164184', 'FIRDAH DIPI JUNI KURNIAWATI', ''),
('1201164196', 'HANI KHAIRUNNISA', ''),
('1201164208', 'MUHAMMAD ADAM KHALED', ''),
('1201164233', 'MUHAMMAD REVO SIREGAR', '');
INSERT INTO `praktikan` (`nim`, `nama`, `rfid`) VALUES
('1201164257', 'INDRA BAGUS ALVIANTO', ''),
('1201164269', 'DESYAM ARDIANTO', ''),
('1201164281', 'ALWAN LUTHFI DAMANIK', ''),
('1201164293', 'QIF MUJAHIDAN FIDDIN', ''),
('1201164305', 'M RIANANDA PRATAMA', ''),
('1201164317', 'DINDA TRIA KUSUMA', ''),
('1201164329', 'VENANDO MUHAMMAD NUR AMRULLOH', ''),
('1201164341', 'FAUZAN DIMAS HANANTO', ''),
('1201164365', 'SOPHIA YASMINE AGNAPUTRI', ''),
('1201164377', 'GHINA MAYLIANA', ''),
('1201164390', 'SHAFIRA AYU NURLITASARI', ''),
('1201164402', 'NUR FAJAR FADHILAH', ''),
('1201164415', 'SITI MAESAROH', ''),
('1201164429', 'DONNY FIRLI ARDIAWAN', ''),
('1201164443', 'BAYUGIRI TAUFIK ADIPUTRA', ''),
('1201164466', 'DIMAS ARIEF RESPATI ISKANDAR', ''),
('1201160063', 'INDRIANA NOVITIARA', ''),
('1201160366', 'JOCHANAN ERGANTHEO SURYONO', ''),
('1201160391', 'NUR ALIM HABIBI', ''),
('1201162112', 'MSY CAHAYA DINDA PAMUNGKAS', ''),
('1201164012', 'BELLA HESTINA PUTRI', ''),
('1201164025', 'SALMA SYAFIQA', ''),
('1201164038', 'ANDI ZEHAN SASKIA SALSABILA', ''),
('1201164051', 'BAGAS ARGANTO P', ''),
('1201164075', 'MOCHAMAD FABIAN REDHATAMA', ''),
('1201164088', 'HANNI SALSABILA', ''),
('1201164100', 'SAUSAN NABILA', ''),
('1201164124', 'ARGYA RAHMASARI', ''),
('1201164136', 'AZZAHRA SAFIRA ASMON', ''),
('1201164148', 'DIAN AYU DETASARI', ''),
('1201164160', 'ARIQA RADHWA', ''),
('1201164173', 'ILHAM WIRA SAKTI', ''),
('1201164185', 'JULIANDRI IKHSAN', ''),
('1201164197', 'HERVIN WIJAYA', ''),
('1201164209', 'ROSULLAH KHAIRUNNISA', ''),
('1201164222', 'ERINA RIZKY RAMADHANTY', ''),
('1201164234', 'FARHAN AIMAN', ''),
('1201164246', 'ALDYAN NURFAIZI HARIS B.TAU', ''),
('1201164258', 'ADITYA NOVINDA HENDRAWAN', ''),
('1201164270', 'AJENG PUTRINA NENGDYANI', ''),
('1201164282', 'EGA RIVANGGA HANTORO', ''),
('1201164294', 'INDAH RAHAYU ALIKA PUTRI', ''),
('1201164306', 'RICO DHIMAS WIBOWO', ''),
('1201164318', 'MOCHAMAD ILHAM FANANI', ''),
('1201164330', 'HANIF INSAN ILMAN', ''),
('1201164342', 'ZHA SHA PUTRI ANUGERAH', ''),
('1201164354', 'ALSANIA AFNAN SALSABILA', ''),
('1201164378', 'RADEN BAGUS TRI NUGROHO', ''),
('1201164403', 'REFALDI AZHAR', ''),
('1201164416', 'GINALDI FARHAN HAFIZ', ''),
('1201164430', 'SILMI NUR INAYAH', ''),
('1201164446', 'MUKHRAJI RIZKHA', ''),
('1201164467', 'FACHRY EDWA MAULANA', ''),
('1201164480', 'FADILA AULIA NURHIDAYAH', ''),
('1201164496', 'RINALDI JULIAN', ''),
('1201160174', 'PUTU RISMA ALFIANI', ''),
('1201160283', 'MUHAMMAD AZMI RABBANI SURYO', ''),
('1201164013', 'ALDI RAHMAWAN', ''),
('1201164026', 'SINTA MULYANI DWI PUTRI', ''),
('1201164039', 'NOVREYNA LUDMILLA ALDA', ''),
('1201164052', 'SALSABILA MEDIANA RIDHA FIRIDZKY', ''),
('1201164064', 'MUHAMAD RIDWAN SUJUDI', ''),
('1201164076', 'JASSICA HERMANSYAH FITRI', ''),
('1201164089', 'NI PUTU SUNYANIARI', ''),
('1201164101', 'RIZKA CAHYA SYAFITRI', ''),
('1201164113', 'AMANDA PERWITA SARI', ''),
('1201164125', 'DINA ANJANI', ''),
('1201164137', 'NUR FITRIANITA SYAHNAS', ''),
('1201164149', 'MUHAMMAD ARYA FURQON', ''),
('1201164161', 'REFAL BHAKTI ALFANZAIN', ''),
('1201164186', 'MUHAMMAD NOER GUSTI ANGGARA', ''),
('1201164198', 'RD AURELIA SURYA RAMADHANTY', ''),
('1201164210', 'I GUSTI NGURAH AGUNG BAGUS PUTRAWAN', ''),
('1201164223', 'YENI PEBRIANTI', ''),
('1201164235', 'NURFALAH ADIMA', ''),
('1201164247', 'ZULFA MARDHIYAH', ''),
('1201164259', 'ANGGRAENI AMBARWATI', ''),
('1201164271', 'ANSELVI MEGA LESTARI', ''),
('1201164295', 'FAJRI RAHMAN QUSYAIFI', ''),
('1201164307', 'WASKITO RADAR WICAKSONO', ''),
('1201164319', 'EDWIN NABABAN', ''),
('1201164331', 'KEVIN MATHOVANI', ''),
('1201164343', 'NURUL ARUM TRI CAHYANI', ''),
('1201164355', 'IRINDA AULIYASARI HERNINGTYAS', ''),
('1201164367', 'RALA NISRINA SHIAMI', ''),
('1201164379', 'REGINE RAHMADA BERLIANA', ''),
('1201164392', 'ENDAH TRI UTAMI SETIANINGSIH', ''),
('1201164404', 'RIMA DWI ANGGRAINI', ''),
('1201164417', 'YUSUF ANDRI DWI SULISTIONO', ''),
('1201164431', 'EVELYN DEVIAN NOER', ''),
('1201164447', 'DIANA INDAH PUSPITASARI', ''),
('1201164468', 'GILANG ANUGRAH FAJRI', ''),
('1201164481', 'ERICHA MUTIA PUTRI', ''),
('1201164497', 'MUHAMMAD FARID BURHANUDIN', ''),
('1201160002', 'ADITYA CHAMDI YUSUF', ''),
('1201160017', 'FANDI OKTAFIAN', ''),
('1201160212', 'EKA PAKSI ESTIAWAN', ''),
('1201160384', 'AGUSTIAN MAULUDIN', ''),
('1201160410', 'I PUTU ENRYCHO CHIEZA', ''),
('1201160421', 'GILANG PRASETYO WIBOWO', ''),
('1201160425', 'SHAFIRA LAKSITASARI', ''),
('1201160442', 'TYARA SILVA SAGITA', ''),
('1201160444', 'FARRAS BURHANUDDIN PRIHANDOKO', ''),
('1201160445', 'NAUFAL LIANDI BASKARA', ''),
('1201160448', 'ATIKA EMMA WULANDARI', ''),
('1201160450', 'FARHAN HANIF', ''),
('1201160454', 'GHIFARI IRFA`AN SWASTOMO', ''),
('1201160456', 'FADHAL NAFI PRATAMA', ''),
('1201160458', 'YENNY', ''),
('1201160460', 'NAFISHA HERMA HANIFHA', ''),
('1201160472', 'RIFQI ARIF FADHILAH', ''),
('1201160483', 'WANDA RAMADHAN', ''),
('1201160490', 'RACHMAT MAULIDIN', ''),
('1201160495', 'MUHAMMAD FAWWAZ HIDAYAT', ''),
('1201163453', 'TARA ALDIERA', ''),
('1201163501', 'EUN JEONG JANG', ''),
('1201164031', 'FARAH ANINDYA RIZKITA', ''),
('1201164044', 'ISLAMIA NURAINI', ''),
('1201164086', 'DEVIANTY SAFITRI', ''),
('1201164162', 'NURUL ALIYA INAYAH', ''),
('1201164441', 'NUR RAHMAT GILANG KENCANA PUTRA DEWA', ''),
('1201164449', 'SALSABILLA KHANSA IMAM', ''),
('1201164459', 'MUHAMMAD ALDO HABIB AKBAR', ''),
('1201164494', 'AMALIA TALITHA', ''),
('1201170003', 'ABIDZAR AL`GHIFARY', ''),
('1201170004', 'BRANDO MIKARDONI RUMAPEA', ''),
('1201170006', 'TAQYYA NAUFINDA ASNIN', ''),
('1201170013', 'MUHAMMAD FARID SYAIFULLAH', ''),
('1201170019', 'MUHAMMAD DZAKY MUSTAFA', ''),
('1201170022', 'MUHAMMAD DZULFIQAR AZHAR BABA', ''),
('1201170024', 'DEFINA AQLIMA', ''),
('1201170025', 'MELANIA AMANDA ALIFFIA SAVIRA', ''),
('1201170028', 'GIBRAN CESARINO SUCAHYO', ''),
('1201170029', 'MUHAMMAD FAISAL FADHLURRAHMAN', ''),
('1201170032', 'WIDYA PARASDIASARI', ''),
('1201170034', 'BISMO YUDHO TOEFANO SUDEWO', ''),
('1201170035', 'ANYA SHAFIRA PRAMESTI', ''),
('1201170036', 'I GUSTI AYU DERIANA WINGARA', ''),
('1201170037', 'ABDUL RAZAK', ''),
('1201170038', 'RYANI AMELIA', ''),
('1201170042', 'KEVIN RAHADIAN YUDISTIRA', ''),
('1201170044', 'MOHAMAD IQBAL ABU ARIFIN', ''),
('1201170048', 'FAHREZA ATHAR SYAHPERDANA', ''),
('1201170050', 'NABILLA VALDA SAFIERA', ''),
('1201170054', 'ADITYA BAGUS WICAKSANA', ''),
('1201170059', 'JUNAIDI', ''),
('1201170060', 'LIANA FITRI RAMADHANI', ''),
('1201170066', 'IBNU HASYIM HUTASUHUT', ''),
('1201170069', 'SAVINA NABA AULINASARI', ''),
('1201170091', 'BINTANG ANUGRAH RINALDI', ''),
('1201170092', 'FAKHRI ALMI', ''),
('1201170093', 'SEAN CHOLLIN AL MAJID GINTING', ''),
('1201170094', 'MOHAMMAD FARREL EDGARDA', ''),
('1201170095', 'ARIEL REKSA BYANANDA', ''),
('1201170096', 'MUHAMMAD ZULYANDHIKA', ''),
('1201170098', 'NABILA AURELLIA GHAISANI', ''),
('1201170102', 'HARSYA NUR AULIA DEWI', ''),
('1201170103', 'GREGORIUS SIGIT HERMAWAN ZAVIT', ''),
('1201170104', 'RAIHANNAH NAFISSAH FARRAS RIZKI', ''),
('1201170113', 'AGNIS FADHILAH SUKMANA', ''),
('1201170118', 'NADIAH AYU FAUZIYAH', ''),
('1201170119', 'JASMINE DEVINA FANY ATMAJA', ''),
('1201170121', 'GEBRINA OKTAVIANI TARIGAN', ''),
('1201170122', 'WENING AYOMI DHARA SETYANI', ''),
('1201170126', 'TRISHA ALYA LATIFA', ''),
('1201170130', 'NAUFAL AGIN RAMADHAN', ''),
('1201170135', 'FARRAS ADNIN AZZAHRA', ''),
('1201170145', 'AGUNG PRATAMA DAFIO', ''),
('1201170147', 'FIRDAYANTI NUR SASTIANANDA', ''),
('1201170155', 'FAJAR MUHAMMAD ASRI', ''),
('1201170156', 'NAUFAL AQIEL FITRACHMAN', ''),
('1201170157', 'DEYANA BANOWATI DWIKUMOROJATI', ''),
('1201170158', 'AZIZ IRSYAD', ''),
('1201170159', 'GUSTI NABIL KHOURY PUTRA', ''),
('1201170161', 'ARIEF TRI HENDRAYANTO', ''),
('1201170166', 'FERYAN KURNIA DHANDHY', ''),
('1201170178', 'ABDURRAHMAN RASHIF IBRAHIM', ''),
('1201170183', 'NISRI HUSNA FAADHILAH', ''),
('1201170186', 'MALIK ADE RIZKI', ''),
('1201170191', 'YOGA PRATAMA DARMAWAN', ''),
('1201170197', 'ANNASA YESKAINAYAH', ''),
('1201170198', 'VIVALDY IZZA NAUFALINDRA HERBAYU', ''),
('1201170199', 'AMANANDITO SHAFA MAULA', ''),
('1201170204', 'MOHAMMAD HUSAIN RIFAI', ''),
('1201170206', 'MUHAMMAD FARSHA KAUTSAR', ''),
('1201170209', 'LARAS NURUL FAZRIA', ''),
('1201170211', 'MOHAMMAD ILHAM BUKHORI', ''),
('1201170213', 'DINDA SYABILA ELFANI', ''),
('1201170219', 'RAMADHAN GARDA PAMUNGKAS', ''),
('1201170220', 'AFRIADIE FIRMANSYAH', ''),
('1201170229', 'MUHAMMAD RAFI NURROHIM', ''),
('1201170231', 'MUHAMMAD FAKHRI QOLBI', ''),
('1201170232', 'AJI ELPUR SETYO AGUNG', ''),
('1201170233', 'MEIDY TATALUCKYTA', ''),
('1201170237', 'HASYA SABILA', ''),
('1201170246', 'MUHAMMAD NABIL RUMI', ''),
('1201170247', 'FIKRI AL FARISI RIHALDIAN ABDURACHMAN', ''),
('1201170250', 'AMIRA WISENTIA SURYANDARU', ''),
('1201170252', 'AMIRAH SYAHFITRI HARAHAP', ''),
('1201170254', 'RIZKY HAMDANI', ''),
('1201170257', 'ZAHRAN FATHINAH S', ''),
('1201170258', 'LANGGENG SETYO HARI LAKSONO', ''),
('1201170260', 'RWAFEMIR VERZANI HARARI', ''),
('1201170261', 'GILANG GUSTIARDI', ''),
('1201170264', 'YANNA SAVITRI', ''),
('1201170265', 'MUHAMMAD IHSAS ALVI IBRAHIM', ''),
('1201170267', 'MUHAMMAD RAFLY FAUZAN WIBOWO', ''),
('1201170268', 'NAMIRA DAHLESTI', ''),
('1201170269', 'FUAD MUHRON SOLIH ATMA', ''),
('1201170272', 'BAGJA ABDULLAH SUFYAN', ''),
('1201170277', 'ISLAHUN NIHAYAH', ''),
('1201170279', 'IRFAN MUHAMMAD IQBAL', ''),
('1201170283', 'FARHAN MUZAKI DARWIN', ''),
('1201170285', 'DAFFA PUTRA WIDAYAKA', ''),
('1201170290', 'MUHAMMAD FARHAN ARDYA CHAIRURIZKI', ''),
('1201170291', 'MUHAMMAD AVIV', ''),
('1201170292', 'AULIA SAIFA IZZUDIN', ''),
('1201170296', 'MUHAMMAD NAUFAL', ''),
('1201170297', 'RAFI PRAGIWAKA GANI', ''),
('1201170299', 'MUHAMMAD RIZKY VANZANI', ''),
('1201170301', 'MOH. ALDI AZHARUDIN', ''),
('1201170305', 'HILMI FARIS RAMADHAN', ''),
('1201170308', 'CYNTHIA TRI UTAMI PUTRI', ''),
('1201170309', 'NAUFAL DZAKY BELLAMY PACO', ''),
('1201170312', 'MUHAMMAD THORIQ ARIFBILLAH', ''),
('1201170314', 'ALYSSA LEONITA SAVITRI', ''),
('1201170315', 'PRISQIA AMANANDIANTI HANIFA', ''),
('1201170321', 'IVY LEORA DEWANGGI TRISUSILO', ''),
('1201170326', 'SASMA DANI TANJUNG', ''),
('1201170329', 'MUHAMMAD RENDY KUSUMA', ''),
('1201170330', 'MAULANA YUSUF CHUZAIRI', ''),
('1201170332', 'TALITHA NURSABILA', ''),
('1201170333', 'J HARITZ', ''),
('1201170340', 'ELISA INTAN PUSPITA SARI', ''),
('1201170345', 'NYOMAN KARMAYOGA WIDYANTARA', ''),
('1201170346', 'SYAHRULLAH', ''),
('1201170347', 'RANI GUSTI ANGESTI', ''),
('1201170348', 'GRACE ELFRIDA SYLVANA NAPITUPULU', ''),
('1201170351', 'DEAN MUHAMMAD ALTAR ABYANCA', ''),
('1201170353', 'M.RAKA ARNINDO', ''),
('1201170354', 'M ALIEF AL-ICHSAN', ''),
('1201170360', 'RANDY KURNIAWAN NUR', ''),
('1201170362', 'MUHAMMAD IQBAL TAWAKAL', ''),
('1201170368', 'M DAFFA ARAFI', ''),
('1201170372', 'SABHRINA SALSABELLA', ''),
('1201170374', 'REIKI HERSA PRATAMA', ''),
('1201170377', 'MUHAMMAD RIDZKI ISMAIL', ''),
('1201170381', 'GEDE ADITYA JUNIANTARA', ''),
('1201170391', 'DEA EKA HERDIANI', ''),
('1201170392', 'ALISSA SAPHIRA PUTRI', ''),
('1201170394', 'TANIA AYU SUKMA', ''),
('1201170396', 'WARDATUL FAIZAH', ''),
('1201170397', 'MOHAMMAD RAFLY NURHADI', ''),
('1201170400', 'AHMAD IRFAN AKMAL', ''),
('1201170405', 'ANGEL YORA SIAHAAN', ''),
('1201170406', 'HANIFFAN ZIKRI ANUGRAH DE TASYA', ''),
('1201170408', 'MUHAMMAD ARDIN GHIFARI', ''),
('1201170410', 'PRADANA AKBAR SURYO PUTRO', ''),
('1201170415', 'APRILIANO LENTERA ARINANDA', ''),
('1201170418', 'YONATAN GARA PRIMAESA', ''),
('1201170420', 'MUHAMMAD SYAFIQ AHNAF', ''),
('1201170424', 'RIZKY IBNU ABI CAHYONO', ''),
('1201170426', 'ANNASTASYA SEPTIANI', ''),
('1201170428', 'CAITRANGGANA NARESWARI', ''),
('1201170430', 'MUHAMMAD HADZA AL FALAH', ''),
('1201170433', 'YUMNA DHIYA MAZAYA', ''),
('1201170437', 'MUHAMMAD ILHAM GUNAWAN', ''),
('1201170438', 'GAMALIEL SITUMEANG', ''),
('1201170439', 'RAHMA JAMES GALLIANO SETIARADI', ''),
('1201170442', 'AFI AULIA AUDA', ''),
('1201170451', 'RADITYA RIAN GHIFARI', ''),
('1201170454', 'PUTRI NADINA SHAFIRA ISLAMY', ''),
('1201170457', 'FARA RAHMANIA IZZATY', ''),
('1201170460', 'IRFAN HANIFAH WARDHANA', ''),
('1201170467', 'RIZKYAH ERWANDA', ''),
('1201171140', 'MUHAMMAD IQBAL FATONI', ''),
('1201171463', 'YAKOBUS NATANAEL TARIGAN', ''),
('1201172129', 'SANDHIKA MELBEN ANDRIEN', ''),
('1201172163', 'TRIAFINI NUGROHO', ''),
('1201172235', 'EVITA NURISNAINI PUSPITASARI HARIYONO', ''),
('1201172241', 'MUHAMAD LUTHFI FARIZI', ''),
('1201172331', 'OLIVIA SIHITE', ''),
('1201172357', 'DIMAS RAYHANDIKA YOGASWARA', ''),
('1201172373', 'ANNUR PRIO ANGGORO', ''),
('1201172378', 'FUHAIDY HAFIIZHAN AHNAF', ''),
('1201172386', 'GILANG TRIASMORO JATI', ''),
('1201172387', 'SABRINA SALZA IFADHA', ''),
('1201172388', 'ZUL ARFFAN', ''),
('1201172402', 'ALVARO RAYHAN RISYAD', ''),
('1201172414', 'WILLY KURNIAWAN', ''),
('1201172422', 'KRISNA GEO PUTRA', ''),
('1201172440', 'MUHAMMAD FAISHAL SETYA', ''),
('1201172441', 'MUHAMMAD REYHAN FIKRIANSYAH', ''),
('1201172442', 'DANIEL BINSAR SITORUS', ''),
('1201172446', 'DIMAS TRIANTO', ''),
('1201172448', 'DELLA ARIYANTI HAKIMAH', ''),
('1201172450', 'AYSHA AZLIA NUR RAMADHANIA', ''),
('1201172459', 'MUHAMMAD AJI PANGESTU', ''),
('1201172461', 'FAUZAN FARREL MOHAMMAD', ''),
('1201172466', 'MITHA PRAMISTY', ''),
('1201173043', 'PUPUT NIDAUL CHOIRIYAH', ''),
('1201173058', 'AGI YOGASWARA', ''),
('1201173132', 'RATNA WULANDARI', ''),
('1201173169', 'FATHIYYA NADA NAZHIFA BUDIMAN', ''),
('1201173170', 'SAVIRA ALIFA DHARMADI', ''),
('1201173179', 'KARIN NABILA', ''),
('1201173263', 'MUHAMMAD FERDIAN', ''),
('1201173303', 'MUHAMMAD JANUAR ALFARIDHZI PRATAMA', ''),
('1201173307', 'RICO ADITYA ARNOL', ''),
('1201173365', 'FAUZIA ANINDYA SYAHIRA', ''),
('1201173383', 'I GUSTI MADE ADITYA WIRATAMA', ''),
('1201173390', 'DIMAS PAMUNGKAS', ''),
('1201173407', 'MUHAMMAD ATHFAL', ''),
('1201173435', 'MUHAMMAD HANIF MUSHODDAQ', ''),
('1201173443', 'SHABRAN ABIYYU SYAMS', ''),
('1201173445', 'GRACE AGUSTINA', ''),
('1201174001', 'MUHAMMAD ARGA GHIFARI', ''),
('1201174002', 'SIDIQ NUR HIDAYAH', ''),
('1201174005', 'PUTRI INDAH SARI', ''),
('1201174007', 'MUHAMMAD FADHIL RAFIF', ''),
('1201174008', 'HARWINVANIA FAUZIA', ''),
('1201174009', 'DELA PUSPITA', ''),
('1201174010', 'LARASATI FITRIA AZIZAH', ''),
('1201174011', 'DYAH PUTRI SARASWARI', ''),
('1201174012', 'TIARA YASINTA KIBTI', ''),
('1201174014', 'LINA RAHMITA DEWI', ''),
('1201174015', 'BELLA RAMADINI', ''),
('1201174016', 'IFROH LAYALI', ''),
('1201174017', 'ADAM ARIEF WIBAWA', ''),
('1201174018', 'DWINDAH PUTRI PARISA FILI', ''),
('1201174020', 'NUR MUHAMMAD RAHADIANTO', ''),
('1201174021', 'MUHAMAD FIKRY IMADUDDIN', ''),
('1201174023', 'ALIEF FACHRIE FATTUROHMAN', ''),
('1201174026', 'DHIYA SHAFA AZIZAH', ''),
('1201174027', 'TIRZA AYU NURSAZABILLAH', ''),
('1201174030', 'MUTIA NUR AVIFAH', ''),
('1201174031', 'NURSYARIKHA D. M', ''),
('1201174033', 'DEA NURFITRIYANA HARYATI', ''),
('1201174039', 'ARIZAL GINARTHA', ''),
('1201174040', 'RIFALDI KRISTIAN ALFAREZA', ''),
('1201174041', 'MUHAMMAD KINAN AMMAR', ''),
('1201174045', 'SAHARANI PUTRI WULANDARI', ''),
('1201174046', 'TEGAR TRI NUGRAHA', ''),
('1201174047', 'YUDHAN SYAM GILANG PRATAMA', ''),
('1201174049', 'ZENITA MEYLIA', ''),
('1201174051', 'KOMANG SURYA GITAWAN ARDYA PUTRA', ''),
('1201174052', 'LIRA LORENZA', ''),
('1201174053', 'LINATI KHAIRINA SYAROFAH', ''),
('1201174055', 'ANNIKE TRI WAHYUNI', ''),
('1201174056', 'TITANIA PERMATA PUTRI', ''),
('1201174057', 'YULIA WAHYUNI', ''),
('1201174061', 'GIGAS JOUHAN ARVYANTO', ''),
('1201174062', 'ALDI RAMADHAN', ''),
('1201174063', 'MUHAMMAD ARIEF ARDYANSYAH', ''),
('1201174064', 'ABDULLAH NADHIF', ''),
('1201174065', 'ANINDHYA AULIA RAHMAH', ''),
('1201174067', 'MOCHAMMAD ICHWAN NUGRAHA', ''),
('1201174068', 'HASYA QINTHARA PUTRI', ''),
('1201174070', 'INDIRA KUSUMA WARDANI', ''),
('1201174071', 'NAURA MAISAZAHRA', ''),
('1201174072', 'AQUILLA YUNMA IMARISTHA', ''),
('1201174073', 'GHIFARI NAUFAL RAHMAN', ''),
('1201174074', 'NURUL TAQWA', ''),
('1201174075', 'MADE ARYA TEGUH DVAIPAYANA', ''),
('1201174076', 'ALWIYYAH', ''),
('1201174077', 'AMELIA ANGGRAINI RAHMAN', ''),
('1201174078', 'NI PUTU AYU LAKSMI PURWATI', ''),
('1201174079', 'ELVIN SUPRIYANTO', ''),
('1201174080', 'YOSUA SARAGIH', ''),
('1201174081', 'DANDI IRFANDI', ''),
('1201174082', 'FIQRI NUGRAHA RAMADHAN', ''),
('1201174083', 'MALSYA DEBRINA NUR SALSABILA', ''),
('1201174084', 'M. RAFIF ALIYASYAH', ''),
('1201174085', 'GEORDHY SYAHBANA', ''),
('1201174086', 'ALAN RAMADHAN', ''),
('1201174087', 'ADJI PRAMUDYA PRATAMA', ''),
('1201174088', 'MUHAMMAD AFIF WAHYU ARSANTA WARDHANA', ''),
('1201174089', 'MUHAMMAD DIMAS BASWARA', ''),
('1201174090', 'MUHAMMAD ILHAM DURANI', ''),
('1201174097', 'NANDA SAGITA APRILIA', ''),
('1201174099', 'ANITHA CHARMITHA MARSHA', ''),
('1201174100', 'RADEN MAHARANI NUR ROBBI', ''),
('1201174101', 'MICHAEL YUSDISTIRA', ''),
('1201174105', 'RADHITA ANANDA PUTRI', ''),
('1201174106', 'FIBYAN SALEH ANTHONY', ''),
('1201174107', 'INDAH EKANURHAYATI', ''),
('1201174108', 'REANATAMI IRAWAN', ''),
('1201174109', 'FIFIN NUR HANIFAH', ''),
('1201174110', 'KHARISMA IFFATUN NISA`', ''),
('1201174111', 'VIRA MAULINA PUTRI', ''),
('1201174112', 'MUHAMMAD ARASH ARISIAH', ''),
('1201174114', 'M FADLAN HANIFA', ''),
('1201174115', 'ANGGIA RESPATI ADININGGAR', ''),
('1201174116', 'MUHAMMAD ADITHYA FAJRIL', ''),
('1201174117', 'IRMA MAHARANI NABILA', ''),
('1201174120', 'OLIVIA INGER PITALOKA', ''),
('1201174123', 'NUR REZQI HANDHININGSARI', ''),
('1201174124', 'RAISYA FADHILLAH DZARFANI', ''),
('1201174125', 'AYUNIAR SALSABILA PUTRI', ''),
('1201174127', 'MAHENDRA MAULANA TRESNANTO', ''),
('1201174128', 'NI NYOMAN PUTRI AYU PRAMESTI', ''),
('1201174131', 'DEVITA THALIA PUTRI', ''),
('1201174133', 'EVELIN SEKAR DEWINTA', ''),
('1201174134', 'ERSYURA LIANDHINI', ''),
('1201174136', 'FARIZ AFI AKBAR', ''),
('1201174137', 'OETARI WIRANDANY', ''),
('1201174138', 'FAQIH ILYASA', ''),
('1201174139', 'YOSAFAT YAHOWU HIA', ''),
('1201174141', 'NABILA KHAIRUNNISA', ''),
('1201174142', 'NAUFAL MUHAMMAD IQBAL', ''),
('1201174143', 'SALSABILAH PUTRI SUHARTO', ''),
('1201174144', 'MUTI HANIFAH', ''),
('1201174146', 'IRFAN RAIHAN', ''),
('1201174148', 'NABILAH NUR AULIAULLAH', ''),
('1201174149', 'ZULFA KAMILIA FIRDAUS', ''),
('1201174150', 'ALIF ILHAM MUHAMMAD', ''),
('1201174151', 'AMELIA DEFANKA', ''),
('1201174152', 'SEKAR TANJUNG MULYANINGRUM', ''),
('1201174153', 'SATRIA PANJI WINATA', ''),
('1201174154', 'FAYA DWITIFANY', ''),
('1201174160', 'SVADEV PRANAMAM MAHASAGARA', ''),
('1201174162', 'TAHTA MANUSAKERTI', ''),
('1201174164', 'ANSA WIDIANI', ''),
('1201174165', 'TAUFIK RAHMAN', ''),
('1201174167', 'ANISSHA AYU PURWANTINA', ''),
('1201174168', 'SITI AMIRAH KHANSA', ''),
('1201174171', 'SOFANO RUDI HARTONO', ''),
('1201174172', 'BIMA BIRAHMATIKA', ''),
('1201174173', 'MUNALYS HIDAYATUL NAFISA', ''),
('1201174174', 'MUHAMAD FADHLAN ZAKIRI SETIABUDI', ''),
('1201174175', 'ENAR DEWI FORTUNA', ''),
('1201174176', 'ALFIAN SETYO NUGROHO', ''),
('1201174177', 'FAISAL ATTHARIQ', ''),
('1201174180', 'DWINARDY SAPUTRA', ''),
('1201174181', 'DIMAS ARVIAN BUDIANTO', ''),
('1201174182', 'DEWI LARASATI', ''),
('1201174184', 'AGUNG PURNAMA PUTRA', ''),
('1201174185', 'HAFIZA APRILIA', ''),
('1201174187', 'PUTU ANDRIAN SURYA INDIRVA', ''),
('1201174188', 'IKHSAN KURNIA ARTA', ''),
('1201174189', 'KHOLIQ GIFFARI', ''),
('1201174190', 'LINDA ARINI HAKIM', ''),
('1201174192', 'ANISAH RIDHAYANI FEBRI KUNTARSIH', ''),
('1201174193', 'IRFANUL ZUHDI N', ''),
('1201174194', 'AHMAD GHALEB AHDA', ''),
('1201174195', 'FAHMI AULIA RACHMAN', ''),
('1201174196', 'AFIN RIZQI PRAMADYA', ''),
('1201174200', 'ARIFIANTO AJI PUTRO', ''),
('1201174201', 'RIZKI MALIQAL MULQI', ''),
('1201174202', 'PUTRI LEONI VIRCESA SOENDJATMO', ''),
('1201174203', 'PRAPTIANA RAISYA SYARIF', ''),
('1201174205', 'TANISA NABILA TASHA', ''),
('1201174207', 'AMALIA NUR AZIZAH', ''),
('1201174208', 'DWI ANGGARA', ''),
('1201174210', 'M. FAHMI DJATNIKA', ''),
('1201174212', 'ALYA RAISA KHANZA', ''),
('1201174214', 'ERALLTAMI', ''),
('1201174215', 'FADHEL MUHAMMAD', ''),
('1201174216', 'MUHAMMAD ADIE SAMMAJID', ''),
('1201174217', 'BUNGA HARNUM SANDITA', ''),
('1201174218', 'GILBERT BILLY RIVALDO MATAHURILA', ''),
('1201174221', 'I GEDE OKA MAHENDRA', ''),
('1201174222', 'PRADIPTA RICKY BASKARA', ''),
('1201174223', 'SYARIEF DARMAWAN', ''),
('1201174224', 'YAZID MUHARRAM MALNI', ''),
('1201174225', 'MUHAMMAD AUFA RIZQULLAH', ''),
('1201174226', 'MOCHAMAD RIFKY', ''),
('1201174227', 'DAFFA IRFAN', ''),
('1201174228', 'R.MOH.RIZAL RAMDANI', ''),
('1201174230', 'MUHAMAD HILMY ABDULLAH', ''),
('1201174234', 'VIDIANTO FAJAR NUGRAHA', ''),
('1201174236', 'FITRI ANDA SARI', ''),
('1201174238', 'YUDIMAN ABDUL HIDAYAT', ''),
('1201174239', 'EGGY RADIANSYAH SUTENDI', ''),
('1201174240', 'ULFIA RAHMAH', ''),
('1201174242', 'ANNISA NUR FALAHI AHMAD', ''),
('1201174243', 'SYANTIKA PUTRI MAHARANI SUNTORO', ''),
('1201174244', 'AQIL FEBRIAN ASRIF', ''),
('1201174245', 'FEBRYAN ALFI PRIHASTORO', ''),
('1201174248', 'VANYA AULIA RACHMA', ''),
('1201174249', 'TRIA OKTAVIA ARADINY', ''),
('1201174251', 'ARMEINITA SALSABILA', ''),
('1201174253', 'RISA EKAYANTI', ''),
('1201174255', 'SANDY ARGYA PRADIPTA', ''),
('1201174256', 'MUHAMMAD FADHLI', ''),
('1201174259', 'MUHAMMAD RAIHAN ARRAFI', ''),
('1201174262', 'RIFAT AL KAUSAR', ''),
('1201174266', 'GURUH JIWO PRAKOSO', ''),
('1201174270', 'FACHRIAN NUGRAHA ARMA', ''),
('1201174271', 'FIRYAL FADHILAH', ''),
('1201174273', 'DAVID RICHARDO CANIAGO', ''),
('1201174274', 'ALFIAN KUSUMA AJI', ''),
('1201174275', 'DHIKA WAHYU PRATAMA', ''),
('1201174276', 'ZEIN ZUFAR SAVALUDIN', ''),
('1201174278', 'ILHAM AKBAR', ''),
('1201174280', 'SAFFANIA ZAHRA AINA HALINDA', ''),
('1201174281', 'MEYLIZA GUSANDI', ''),
('1201174282', 'ALIF AULIA', ''),
('1201174284', 'PRAYOGI TRI MULYANA', ''),
('1201174286', 'MUHAMMAD SOHIBUL WAFA', ''),
('1201174287', 'FAHMI RIZAL SAMLISTIYA', ''),
('1201174288', 'MUHAMMAD FADILLAH ADHITAMA', ''),
('1201174289', 'CHELDRIC PRADITYA GEORDANNIE', ''),
('1201174293', 'RAHMAD DWI PUTRA SUHANDA', ''),
('1201174294', 'RISMADA KRISNA ANUGRAH', ''),
('1201174295', 'ALIF AFTHARIQ', ''),
('1201174298', 'SHEILA SEKAR SOKA', ''),
('1201174300', 'SULTHAN MUHAMMAD ZAIDAN', ''),
('1201174302', 'MUHAMMAD AL FAJRI KURNIA', ''),
('1201174304', 'CHAVIA ZAGITA REZKI NARWASTU', ''),
('1201174306', 'MOHAMAD RAFIKI ZULQITSY', ''),
('1201174310', 'MOCHAMMAD RIFKY FADILLAH', ''),
('1201174311', 'DHIA IRFAN RAMADHANY', ''),
('1201174313', 'SHOLEKAH DWI SAPUTRI', ''),
('1201174316', 'CHARLI MARTINABELLA', ''),
('1201174317', 'FITRIYA AYUNINGTYAS RUMANDA', ''),
('1201174318', 'MUHAMMAD ARI YASIN', ''),
('1201174319', 'ANINDHITA PUTRI AULIA', ''),
('1201174320', 'JERRICO NASE NATALIN', ''),
('1201174322', 'MUHAMMAD RAKA ADITYA', ''),
('1201174323', 'AULIA NAUFAL RAMADHAN', ''),
('1201174324', 'KIRANA RIZKY AMALIA DIANI SUPNADI', ''),
('1201174325', 'IMAM NURHAQ FADHLI', ''),
('1201174327', 'MUHAMMAD ALDI SAPUTRA', ''),
('1201174328', 'MOCHAMAD RAVIOLI SUBUR', ''),
('1201174329', 'ARIEFTYARTO TAUFIQ RAMADHAN', ''),
('1201174334', 'RARAS FARRISA DEARY', ''),
('1201174335', 'RYU FAJAR HARMAWAN', ''),
('1201174336', 'JESSICA NINDYA PUTRI', ''),
('1201174337', 'MUHAMMAD FARIZ HAFIZHUDIN', ''),
('1201174338', 'ARGA DIPTA PUTRATAMA', ''),
('1201174339', 'ALGHIFARI NURONI', ''),
('1201174341', 'LAILA RIZKYA NUR LATIFAH', ''),
('1201174342', 'ANINDIYA DEWI ARTANTI', ''),
('1201174343', 'AULIA AGHNIA NURILMIANTI', ''),
('1201174344', 'GIBRAN MAKARIM MUHAMMAD', ''),
('1201174349', 'MUHAMMAD ALFI FAUZI', ''),
('1201174350', 'MUHAMMAD RAFIENDRA KHAIR', ''),
('1201174352', 'GENTA YUSUF MADHANI', ''),
('1201174355', 'ALFATH GHANI SAMSIAR', ''),
('1201174356', 'NOVIANTO FAJAR RAHMAT', ''),
('1201174358', 'DITA AYU WANDIRA', ''),
('1201174359', 'BION FARHAN WIDIRAHARJANTO', ''),
('1201174361', 'MUHAMMAD FAUZI AULIA RAHMAN', ''),
('1201174363', 'GIMNASTYAR ALGHIFARI HERLAN', ''),
('1201174364', 'ELIZABETH ELKA NOVIA AJENG NASTITI', ''),
('1201174366', 'MUFLIH FATTAH HERAWANTO', ''),
('1201174367', 'FELLICIA AMANDA DINDA HAPSARI', ''),
('1201174369', 'NUR IKHSAN ASHARI R', ''),
('1201174370', 'LIA YULIANA', ''),
('1201174371', 'ASRI SUKMA ISABARI', ''),
('1201174375', 'MUHAMMAD GHANI RIZQULLAH', ''),
('1201174376', 'MICHAEL SAMUEL SIMATUPANG', ''),
('1201174379', 'KEVIN AHMAD AUFARRIZKY', ''),
('1201174380', 'VIONA JESSIE OLIVIA BANGUN', ''),
('1201174382', 'SABILA HAYYU FAUZIA', ''),
('1201174384', 'ALVIERA SUCI DAMAYANTI', ''),
('1201174385', 'RINO WICAKSONO', ''),
('1201174389', 'MUTIA RAHMA NIZA', ''),
('1201174393', 'GUSTI AYU DWITYA SARI', ''),
('1201174395', 'RAFFI MULYA AL GHIFARI', ''),
('1201174398', 'ARIA PERMANA MULUK', ''),
('1201174399', 'DAVID YOSAFAT', ''),
('1201174401', 'CORIE ARIESTA ARBAY', ''),
('1201174403', 'BELLA PERTIWI ALIFIA PANDRA', ''),
('1201174404', 'ADISTY AZZAHRA NOEYA', ''),
('1201174409', 'IMAN ROZIQ', ''),
('1201174411', 'ZAHRAN TIASUFA', ''),
('1201174412', 'TENGKU RYAN FAKHRY', ''),
('1201174413', 'MOCHAMAD VALIANT DHIYAULHAQ', ''),
('1201174416', 'RACHMA AGUSTYORINI', ''),
('1201174417', 'M. FACHRI HUSAMUDDIN', ''),
('1201174419', 'DIMAS WIDO PRASETYO', ''),
('1201174421', 'FAREL TRISA ALGIFFARY', ''),
('1201174423', 'INTAN KUSUMAWARDANI', ''),
('1201174425', 'FIRLAN SBASTIAN', ''),
('1201174427', 'YONI SOTYA BASWARA', ''),
('1201174429', 'MUHAMMAD RADIFAN IZZUDIN AKBAR', ''),
('1201174431', 'MUHAMMAD FOURA GARINDA', ''),
('1201174432', 'HAIKAL MUHAMMAD FARHAN', ''),
('1201174434', 'IVAN SATRIO HANINDITO', ''),
('1201174436', 'RAMA YUDHA PRATAMA KARIWIRA', ''),
('1201174444', 'HERU HENDRAWAN', ''),
('1201174447', 'FAYI FIRZATULLAH ACHMAD', ''),
('1201174449', 'AMMAR GHIFARY ABDILLAH', ''),
('1201174452', 'MOCHAMAD RIZKY ANALKA', ''),
('1201174453', 'BENNY AZIZ AGITSNA', ''),
('1201174455', 'FATYA HAFIZHA AULIA RAHMA', ''),
('1201174456', 'FIRSTYO DEWO WICAKSONO', ''),
('1201174458', 'MALIK ENDANG ZUANA', ''),
('1201174462', 'BOBBY HIMAWAN', ''),
('1201174464', 'GHIFARI NUR QALLAM', ''),
('1201174465', 'SATRIA NUGRAHA', ''),
('1201174468', 'RAFI FAUZAN SASMITAPRAJA', ''),
('1201174469', 'DINNIA NAHLIA PUTRI', ''),
('1201174470', 'MOCHAMMAD DIMAS NAUVAL', ''),
('1201174471', 'ZAIMATUL HAKIMAH SEPTIANI', ''),
('1201174472', 'MUHAMMAD FAUZAN MUZAKY', ''),
('1201150057', 'MUHAMMAD ISHLAHUSH SHIROD ADITYA', ''),
('1201154409', 'NADIRA ANANDA', ''),
('1201173474', 'Cesaltino S. Soares', ''),
('1201173475', 'Nonia Martins', ''),
('1201173481', 'Muhd Allif Ahad Bin Sahari', ''),
('1201173480', 'Masnatasha Binti Mohammad', ''),
('1201180003', 'SEPTY NUR AULIA DARMANTYA', ''),
('1201180008', 'SULTHAN ARAFAT BRIFIAN', ''),
('1201180009', 'I MADE ARDY WIRYATAMA', ''),
('1201180019', 'SHALMA ZAHRA NABILAH', ''),
('1201180022', 'WALI HAKIM PRADANA', ''),
('1201180024', 'M ALFARIZI FADIANDI L', ''),
('1201180027', 'NURUL ARIFIN ARISTARINI', ''),
('1201180028', 'SABRIELLA AULIA SIREGAR', ''),
('1201180031', 'RAFLI WAHID ARASYAD', ''),
('1201180037', 'TIRTA CANDRA PARIPURNA', ''),
('1201180060', 'MUCHAMMAD IZDIHAR ZALFA AULIA', ''),
('1201180068', 'MUHAMMAD FAUZAN BAIHAQI', ''),
('1201180072', 'TIARA PUTRI NABILA', ''),
('1201180082', 'FARDA AINAYYA HASEENA ZIA', ''),
('1201180088', 'NADILA ATTIN MIFTAH', ''),
('1201180097', 'QONITA AFIFA SALSABILA', ''),
('1201180098', 'ARLIETA KIRANA BRAHMANISWARI', ''),
('1201180103', 'SANDIKA LAFALDI SUGANI', ''),
('1201180104', 'MUTIARA PRAMUTI JAYA', ''),
('1201180105', 'AFIFAH NABILA', ''),
('1201180106', 'MIFTAH AMINNUL HAQ', ''),
('1201180108', 'CATUR WILLIAM IMMANUEL TAMBUN', ''),
('1201180113', 'RIEFALDY NADIVKHA SUBROTO', ''),
('1201180115', 'SYAFIQ FATIH BASALAMAH', ''),
('1201180119', 'MUFQI DIANA RAMANDA', ''),
('1201180126', 'FAJAR ABDILLAH PERMANA', ''),
('1201180129', 'REYHAN RIZKY MAHADIKA', ''),
('1201180130', 'MUHAMMAD ZAKI WIBOWO', ''),
('1201180133', 'RIZKY PRANCA BANGUN', ''),
('1201180134', 'MUTIA AL MASRI', ''),
('1201180136', 'DWI CAHYA PRASETYA', ''),
('1201180137', 'MARIA EMERALD NAINGGOLAN', ''),
('1201180141', 'RADHITA NINDA AZANI YURISMAN', ''),
('1201180144', 'OLIVIA AKMA CHANITA', ''),
('1201180146', 'ICHSAN RAMADHAN MUCHLIS', ''),
('1201180148', 'MUHAMMAD RIFQY', ''),
('1201180149', 'HERFAIDA NADIA NINGRUM', ''),
('1201180150', 'ALFIANDIKA NURSANTIKA', ''),
('1201180151', 'FEBRY AKBAR WIBISONO', ''),
('1201180161', 'MALIK DAFFA ABDILLAH', ''),
('1201180162', 'AHMAD IZZAN GUNAWAN', ''),
('1201180163', 'IRFAN AKMAL DIASTYONO', ''),
('1201180170', 'RAYHAN MUHAMMAD NAUFAL', ''),
('1201180171', 'MOHAMAD RIZKY OKTAVA', ''),
('1201180172', 'ALLAM RAIHAN PUNTODEWO', ''),
('1201180174', 'TAUFAN MAULANA RIZALDY', ''),
('1201180176', 'MUHAMMAD ALFIAN DHARMAWAN', ''),
('1201180179', 'MUHAMMAD ALFARIZI REIZEL', ''),
('1201180180', 'PATRICIA BATSYEBA', ''),
('1201180185', 'WIRANANDRA SASTRAMIHARDJA', ''),
('1201180197', 'CALISTA DAMARA', ''),
('1201180199', 'NAUFAL MAHDI FADHILLAH', ''),
('1201180201', 'DIANA SALSABILA', ''),
('1201180205', 'DIMAS FATURRAHMAN KUSUMO NUGROHO', ''),
('1201180206', 'ADRIAN IRFANA', ''),
('1201180207', 'FAHREZI AHMAD AZWARI', ''),
('1201180210', 'EVAN RADITYA', ''),
('1201180213', 'ALIF SULTHAN RASSYA WINOTO', ''),
('1201180217', 'ADINDA DIASTININGRUM', ''),
('1201180219', 'MITA AZWARI', ''),
('1201180225', 'ENUNG SRI SUKMAWATI', ''),
('1201180226', 'DHAMASTANA DHARMA DENIANTARA', ''),
('1201180235', 'HANIF RIZQI FALAH', ''),
('1201180236', 'HILMAN FAUZY AKBAR', ''),
('1201180240', 'YOSEPH CAESARIO NUGROHO SINAGA', ''),
('1201180242', 'IRHAM YURAHMAJI', ''),
('1201180243', 'MOH RIFKI PUTRA PERDANA', ''),
('1201180245', 'RADEN FATHUR RAHMAN', ''),
('1201180246', 'HAFIYYAN FAZA', ''),
('1201180248', 'RUSDAVINA ROMAULI SIREGAR', ''),
('1201180253', 'ANDIKA DEANNA RAHMA', ''),
('1201180268', 'RAKHA RAIHAN ALAMSYAH', ''),
('1201180270', 'AKHDAN RAFI MAULANA', ''),
('1201180273', 'PUTU PANJI LESMANA', ''),
('1201180274', 'I PUTU PRAMANA ARIVIANTO', ''),
('1201180278', 'I NYOMAN ARI SUPUTRA', ''),
('1201180281', 'ANISYA ISTIADZAH CANDRANINGTYAS', ''),
('1201180285', 'KUKUH TRIASBUDI', ''),
('1201180291', 'HANIF RAFI AUFA', ''),
('1201180292', 'MUHAMMAD GIAN NAUFAL IHSAN', ''),
('1201180298', 'RAISHA AZHARI GHANIYYAH TANRA', ''),
('1201180299', 'NAJLA ATHIRA KHAIRUNNISA', ''),
('1201180302', 'ERTZA HAFIZAN WIRYADINATA', ''),
('1201180307', 'SONDANG EKO IRAWANTO', ''),
('1201180309', 'FATHIA NAFILA GHINA', ''),
('1201180310', 'JOVITA AILEEN TRISTIE', ''),
('1201180311', 'MUHAMMAD EGASKARA MAHAGNYANAPUTRA', ''),
('1201180313', 'BACHTIAR ARYA PRAJA', ''),
('1201180314', 'ETANIA RAMDHANTY', ''),
('1201180315', 'BOY DIVA SENA', ''),
('1201180323', 'BIMA ANANTO STYOWANDI', ''),
('1201180333', 'YASINTA NADIA KURNIA', ''),
('1201180334', 'NURUL HIKMAH SABILA', ''),
('1201180335', 'VHANQA NOVTANA SENDINI', ''),
('1201180348', 'VIGHO SHEVCHENKO', ''),
('1201180349', 'MICHAEL YESAYA TOREH', ''),
('1201180350', 'WIDYA HANGGANA RARAS', ''),
('1201180352', 'ROSALYA AZ ZAHRA NURFIRDAUSI', ''),
('1201180356', 'MUHAMMAD IHSAN CANIAGO', ''),
('1201180358', 'RADIN RADITO HERLAMBANG', ''),
('1201180361', 'LUTHFI IMAM FAUZI', ''),
('1201180362', 'DAFFA RAIHAN DITYO', ''),
('1201180370', 'REDI ISMAN LISTRIANTO', ''),
('1201180372', 'MOCHAMAD FADHLAN ADLANA', ''),
('1201180378', 'MAYANG DAESI SABILLA', ''),
('1201180384', 'TANIA ALYA ANDRIANINGRUM', ''),
('1201180386', 'AMANULLAH IRSYAD', ''),
('1201180388', 'FIKRI ARYAGUNA DAFA', ''),
('1201180390', 'MUHAMMAD DIPONEGORO ST ROPAWIRO', ''),
('1201180391', 'NADA LINGGA AFRILI', ''),
('1201180393', 'DARA CAHAYA NABILA', ''),
('1201180397', 'NURUL FITRI DWI ANDINI', ''),
('1201180400', 'SISKA RATNA ANGGRAENI', ''),
('1201180404', 'SONIA NABILA ANNISA', ''),
('1201180405', 'MATTHEW EWALDO AMANIPUTR', ''),
('1201180407', 'VINSA ARINALDI', ''),
('1201180414', 'ANAK AGUNG GEDE A D M P', ''),
('1201180415', 'MUHAMMAD FACHRI DHIFA', ''),
('1201180419', 'HERRY DWI CAHYONO', ''),
('1201180420', 'SOLIYAN RAMA DEWA', ''),
('1201180431', 'JIHAN SALMA RAMADHANTI WIDODO', ''),
('1201180443', 'DIMAS GHIFARI PRIANDONI', ''),
('1201180444', 'LUTFI IBRAHIM PRATAMA ROSMAN', ''),
('1201180448', 'RANGGA GALUH RIZAL RIFAI', ''),
('1201181050', 'MUHAMMAD RIFAT REIHAN AULA ARIFIN', ''),
('1201181142', 'RIEFDA FAIZATUL AULIA', ''),
('1201181233', 'FIRMAN RAMADHAN PUTRA', ''),
('1201181238', 'GHIFARY ADINEGORO', ''),
('1201181249', 'HANINAIDAR HASNA F', ''),
('1201181375', 'RIZAL RENALDI LEYN', ''),
('1201182337', 'HARYO KRESNO AJI', ''),
('1201182341', 'REGGIE NURAVIANTA HAEDAR', ''),
('1201182406', 'DHEA TRULLYANI SAVITRI', ''),
('1201182410', 'ALDARHENA PUTRI DEWANTY', ''),
('1201182449', 'MUHAMMAD RIDZKY ADITYA', ''),
('1201182450', 'NISRINA SOFIA RAHMAN', ''),
('1201182451', 'NADIA KHAIRUNNISA', ''),
('1201182452', 'RANI AFIFAH PUTRI', ''),
('1201182453', 'INDAH CAMELIA FADHILA', ''),
('1201182454', 'TAUFIQ PRAMU BENTAR', ''),
('1201182455', 'MUHAMMAD FARHAN AJI ALDINO', ''),
('1201182456', 'YOLA HAJI SYMON', ''),
('1201182457', 'SHIDQI RIZQULLAH FERIANSYAH', ''),
('1201182458', 'ZIDAN IBRAHIM', ''),
('1201182459', 'MUHAMMAD HARIZKY ADITIA', ''),
('1201182461', 'NUR HAPSAH MAULIDIA', ''),
('1201182462', 'DHIYAN FAUZAN RACHMATULLAH', ''),
('1201182463', 'NUR AFIAH HUTARI', ''),
('1201182464', 'FERRO ARIEF NURRAHMAN', ''),
('1201182465', 'MUHAMMAD MILZAM AKBAR', ''),
('1201182466', 'AHMAD RASYID IBRAHIM ARSY', ''),
('1201182467', 'SYAHRASTANI AYASA', ''),
('1201182468', 'DIANSAH HIDAYAT', ''),
('1201182469', 'ADAM AWALUDIN', ''),
('1201182470', 'RESTU FADHILLAH', ''),
('1201182472', 'RYAN ARIS HIDAYATULLAH', ''),
('1201182473', 'RAFLY AHMAD NURFIKRI', ''),
('1201182474', 'KEVIN HUSEA', ''),
('1201182475', 'SYIFA SALSABILA', ''),
('1201182476', 'REYHAN SENOPUTRI', ''),
('1201182480', 'AZIZ FAUZAN LISKIYANTO', ''),
('1201182640', 'NADYA CALISTA SIAHAAN', ''),
('1201183006', 'MUHAMMAD GHAFARI NURFATHONI', ''),
('1201183010', 'MUHAMMAD DAFFA ALFARRASI', ''),
('1201183015', 'ILZA AZHAR RADYA', ''),
('1201183020', 'MUHAMMAD GIGA RIZKY ARSYADI', ''),
('1201183021', 'DEVINRIZA ELIANSYAH', ''),
('1201183025', 'INTEN AYUNING GHAISANI', ''),
('1201183305', 'ANGGI STEPANI BR SIPAYUNG', ''),
('1201183308', 'NAILA KHOIRUN NISA', ''),
('1201183318', 'ARYA FEBIAN ANUGRAH', ''),
('1201183319', 'BRIAN CHRISTIAN SARNIEM', ''),
('1201183321', 'NESIA PAULINE ANGGIPANGIHUT THANTY SIREGAR', ''),
('1201183332', 'RAEGAN AMMAR PRAWIRA', ''),
('1201183336', 'NI MADE AMRITHA DEVI PRATIWI', ''),
('1201183339', 'BETARA CHURRAERA', ''),
('1201183340', 'NAUFAL AULIA MEIKA', ''),
('1201183344', 'OKTAVICHA SALSABILA INDARTI', ''),
('1201183345', 'NURAINI NISA MAHARANI', ''),
('1201183346', 'FARIDAH MUTHIA AZZAHRA', ''),
('1201183347', 'RAHMI NUR AFIFAH', ''),
('1201183351', 'ZULA ANSELMA', ''),
('1201183355', 'ANDI M. FACHRI C', ''),
('1201183357', 'LALU ANANTA GIFARI ROBANI', ''),
('1201183376', 'M FIRMANSYAH', ''),
('1201183377', 'MEYLIASA DANIRA', ''),
('1201183382', 'ADE ACHMAD FAISAL', ''),
('1201183385', 'RAHMA SABILLA ASHAR', ''),
('1201183389', 'ALIFIA RANYA ATALLAH RIZKY', ''),
('1201183392', 'IRISH ILLENIA MARTHA AYUDYA', ''),
('1201183394', 'AFRA NASTITI UTAMI', ''),
('1201183395', 'HAFIZHAH KHAERANI', ''),
('1201183403', 'EVAN YURI PRIAMBODO', ''),
('1201183418', 'ATHIYYAH AYUNINGPUTRI', ''),
('1201183422', 'MELINIA WULANDARI', ''),
('1201183425', 'ASYIFA FREDA SALSA BILLA', ''),
('1201183427', 'KINANTHI PARASDYA SISTA', ''),
('1201183438', 'BAIHAKI HAKIM FIRDAUS', ''),
('1201183439', 'MOCHAMAD REIGY DWI FARIANSYAH', ''),
('1201183441', 'CHANDIKA IVANO', ''),
('1201183445', 'MUHAMMAD DZAKY PRASETYO', ''),
('1201183481', 'HELIO FREITAS PEREIRA', ''),
('1201184002', 'MAHDAR ARIANTO', ''),
('1201184004', 'SHINTA NAMIRA', ''),
('1201184005', 'VINI AVIOLINA', ''),
('1201184007', 'MUHAMMAD ALDIO ROZAN PUTRA', ''),
('1201184011', 'ARINDA LAYLA ALFIRA', ''),
('1201184012', 'VIETRA SHAUMA RANABILLA', ''),
('1201184013', 'LAELATUL MUCHAROMAH CITA SARI', ''),
('1201184014', 'TENGKU KHALIDA ZIA GIOVANNY', ''),
('1201184016', 'GIESTA AYUNDA SEKAR KINASIH', ''),
('1201184017', 'SEKAR ARUM PRAMESTI', ''),
('1201184018', 'AFRA GHAIDA HANA', ''),
('1201184023', 'MUHAMMAD EVAN RISMAWAN', ''),
('1201184026', 'SYAVINA MI\'RAJ ISKANDAR', ''),
('1201184029', 'ALMAYDA REZA MAHENDRA', ''),
('1201184030', 'BELLA KHARISMA APRILIA', ''),
('1201184032', 'ANWAR FIRDAUS ASH-SHIDDIQ', ''),
('1201184033', 'AULIA ANANTA SIREGAR', ''),
('1201184034', 'FIRDA AMALIA WIDYANINGRUM', ''),
('1201184035', 'SHAKILA HAMIDI', ''),
('1201184036', 'DITA KUSUMA NINGSIH', ''),
('1201184038', 'CHARISMA ZAAFIRA ABDULLAH', ''),
('1201184039', 'AGNES NABILA', ''),
('1201184040', 'POPY NOPIA', ''),
('1201184041', 'AFIFAH NURLAYALIA', ''),
('1201184042', 'NOPINA SARI PUTRI SARAGIH', ''),
('1201184043', 'BRYANNE RAFA LEVINA', ''),
('1201184044', 'PRATIWI NOVAYANTI', ''),
('1201184045', 'THORIQ BARAMBILLAH', ''),
('1201184046', 'ANGGUN SUSILAWATI', ''),
('1201184047', 'VARYNA AYU RAHMALISA WIBOWO', ''),
('1201184048', 'VERONA MARSHA ALVINIA BANGUN', ''),
('1201184049', 'FIRZA KHALISHA RINJANY', ''),
('1201184051', 'ANDHINI AMALIA PUTRI', ''),
('1201184052', 'YOLLA SYAIDINA DEOZY', ''),
('1201184053', 'DYAH MUMPUNI INDAH PALUPI ASIH LESTARI', ''),
('1201184054', 'NAURA RIZKA CAMELIA', ''),
('1201184055', 'SITI HANA FAJARWATI', ''),
('1201184056', 'TARIZA FITRIA', ''),
('1201184057', 'AJENG YUNITA', ''),
('1201184058', 'RAHMI SALSABILA', ''),
('1201184059', 'ELVIRA PARINDING', ''),
('1201184061', 'IRFAN WISNU NADHIF PUTRA', ''),
('1201184062', 'ANNAS KHOIRUL MAJID', ''),
('1201184063', 'HAFIZH HARIAJI', ''),
('1201184064', 'ANWAR AZHAR', ''),
('1201184065', 'RAFIF MUJADID', ''),
('1201184066', 'ALYA NURUL MUTHIA', ''),
('1201184067', 'RAIHAN NURFITRI HASANAH', ''),
('1201184069', 'ADITIAS FAUZI AHMAD', ''),
('1201184070', 'ASIH AULIA PUTRI', ''),
('1201184071', 'NOVIA WALRAHMADANI', ''),
('1201184073', 'REZIALDY RAYHAN WIHARDIPUTRA SASMITA', ''),
('1201184074', 'MUHAMMAD ILHAM PRATAMA', ''),
('1201184075', 'VIKA OCTAVIANA PUTRI', ''),
('1201184076', 'WIWIT AGI YUNIAR', ''),
('1201184077', 'WINA NISRINA NALINI', ''),
('1201184078', 'SALSABILA HARUMI WICAKSONO', ''),
('1201184079', 'ARYA PUTRA PRATAMA', ''),
('1201184080', 'RAISA AFIFAH', ''),
('1201184081', 'TANTYA DEGA WAHYU MAHARANI', ''),
('1201184083', 'GHINA ATHA FEBRIANTI', ''),
('1201184084', 'AGNES PANJAITAN', ''),
('1201184085', 'NAUFAL ABIYYU ZAHRAN SUKMANA', ''),
('1201184086', 'NAUFAL HESANTRA HARIJADI', ''),
('1201184087', 'NABILLA MUTIA DEVI', ''),
('1201184089', 'MUSTIKA PERMATA CAHAYA', ''),
('1201184090', 'SITI SOLEHAH RAHMAH TUNISA', ''),
('1201184091', 'ANASTASYA MAHENDRA PUTRI', ''),
('1201184092', 'ARIF FADILAH RIZKI', ''),
('1201184093', 'LARAS ATI', ''),
('1201184094', 'MUHAMMAD EKO YURIANTO', ''),
('1201184095', 'MOH DAFFA AL AZMI', ''),
('1201184096', 'ASTRI MERLINA', ''),
('1201184099', 'RAHADY INDRA WICAKSONO', ''),
('1201184100', 'NADIA LUCKY PRISTIKA', ''),
('1201184101', 'ADE MULYONO', ''),
('1201184102', 'DEO FATURRAHMAN', ''),
('1201184107', 'RAUSAN FIKR MAULANA HAJJ', ''),
('1201184109', 'MUHAMMAD AL FATIH', ''),
('1201184110', 'MOCHAMMAD NAUFAL THORIQ MASRA', ''),
('1201184111', 'DESYA PUTRI', ''),
('1201184112', 'BARKAH AGUNG PANGESTU', ''),
('1201184114', 'YUDHA PERMANA', ''),
('1201184116', 'HABIB FANNANI AL FARIZI', ''),
('1201184117', 'TIMMY PERMANA PUTRA', ''),
('1201184118', 'MIKAIL ARMIYA', ''),
('1201184120', 'ARDHAN HARISH RAHADIAN', ''),
('1201184121', 'KADEK IVAN MAHENDRA DWIJANA', ''),
('1201184122', 'MUHAMMAD FIQRI APRILIAN ADRIANSYAH', ''),
('1201184123', 'I GUSTI PUTU AGUNG SUGIARTHA', ''),
('1201184124', 'ARDIANSAH', ''),
('1201184125', 'MUHAMMAD RIDHO', ''),
('1201184127', 'REDI AHMAD PUTRA NURANRO', ''),
('1201184128', 'RIDHO SEPTIADI HAKIM', ''),
('1201184131', 'RETINDA LIANDYA GITA', ''),
('1201184132', 'RAMADHAN FIRDAUS', ''),
('1201184135', 'ARIA ZEIN SYAMSI ASTANTO', ''),
('1201184138', 'GANIS WORO AYUNINGTYAS', ''),
('1201184139', 'NAUFAL HABIBILLAH', ''),
('1201184140', 'DEYANA PRASTIKA PUTRI', ''),
('1201184143', 'FARIDA HANUM', ''),
('1201184145', 'DIAN KUSUMA DAMAYANTI', ''),
('1201184147', 'PAUL AZARYA', ''),
('1201184152', 'RIZKY FERDENAL PUTRA', ''),
('1201184153', 'GRADY DHIYAA SUYUD', ''),
('1201184154', 'M TAUFIQ ISMAIL', ''),
('1201184155', 'FARIZ INDRA ALHAKIM S.', ''),
('1201184156', 'M PRIMA ZE', ''),
('1201184157', 'FADILLA ZARA LARASHATI', ''),
('1201184158', 'NADIA PUTRI FEBRIANTI', ''),
('1201184159', 'ADELIA SEKAR APSARI', ''),
('1201184160', 'MUHAMAD HIRAM INDARYANI PUTRO', ''),
('1201184164', 'IRSYAD THALIB ABDILLAH', ''),
('1201184165', 'AMANI AULIA HUSNA', ''),
('1201184166', 'R. YUAN ABDIEL GAMA BANDORO', ''),
('1201184167', 'MUHAMMAD AGRIDZADHANA', ''),
('1201184168', 'RINO DWI HARDIAWAN', ''),
('1201184169', 'FAJAR SATRIO PAMUNGKAS', ''),
('1201184173', 'MUHAMMAD AGRITYO PRIMAPRAKOSO', ''),
('1201184175', 'MUHAMMAD YUSUF FAUZI', ''),
('1201184177', 'ARNANDA EKA SYAHPUTRA', ''),
('1201184178', 'MUHAMMAD KHALID ASY-SYAFI\'I', ''),
('1201184181', 'RIFQI HADYAN', ''),
('1201184182', 'ARYA RIZQULLAH AZHARI', ''),
('1201184183', 'MUHAMMAD IHSAN FANSURYA', ''),
('1201184184', 'HANNY SETYANINGRUM', ''),
('1201184186', 'CALISTA DWI LESTARI', ''),
('1201184187', 'ISNA JIHAN NAVIA', ''),
('1201184188', 'TAMIMI TIZANI PUTRI', ''),
('1201184189', 'MELINDA SALEHA', ''),
('1201184190', 'ANDIKA YUDHISTIRA RAMADHAN', ''),
('1201184191', 'FIKRI MUHAMAD FAUZI', ''),
('1201184192', 'FADILA RAHMASARI', ''),
('1201184193', 'MIA AMELIA', ''),
('1201184194', 'HANIFAH PRILIA SEPNITA SUROSMAN', ''),
('1201184195', 'FAUZIA LATIFA AINAYA', ''),
('1201184196', 'ANGGUN NUR HIDAYAH', ''),
('1201184198', 'NABIILAH RAHMAH DITA', ''),
('1201184200', 'FASYA FATIMMA AZZHRA', ''),
('1201184202', 'FATUROCHMAN NIRWANA', ''),
('1201184203', 'ALDITAMA CHANDIKA', ''),
('1201184204', 'MUHAMMAD RIFKI OKTAVIANDI', ''),
('1201184208', 'MUHAMMAD IQBAL RAMDHANI', ''),
('1201184209', 'LUCKY MUHAMMAD TRIYUDANTO', ''),
('1201184211', 'FERDI SETYONO', ''),
('1201184212', 'MUHAMMAD ALIFAR ADVANNI', ''),
('1201184215', 'DHEA NUR SHAFIRA', ''),
('1201184216', 'JEEHAN HAFIZHA HERFI', ''),
('1201184218', 'INAYA IZZATI', ''),
('1201184220', 'MUHAMMAD HASYIM ASY\'ARI NUR MAHFUDI', ''),
('1201184221', 'EMELIAWATY', ''),
('1201184222', 'MUHAMMAD FIRDHO', ''),
('1201184223', 'FADHEL BAIHAQI', ''),
('1201184224', 'FARAH DELFANURHANIFAH', ''),
('1201184227', 'ADICK MADE SURYA KENCANA SUWETA', ''),
('1201184228', 'SABIL ASYRAF ARIBOWO', ''),
('1201184229', 'KEVIN REVIALDY HANDOKO', ''),
('1201184230', 'WIRA ANDANI GALIH SETIAWAN', ''),
('1201184231', 'GUSTI NGURAH AGUNG KRISNA WICAKSANA', ''),
('1201184232', 'JUDITH DWILENDA', ''),
('1201184234', 'MUHAMMAD ARIQ DARMAWAN', ''),
('1201184237', 'FANDI ACHMAD', ''),
('1201184239', 'MUHAMMAD FARHAN MAULANA', ''),
('1201184241', 'TAUFIK RAHMAN NURUDDIN', ''),
('1201184244', 'MUHAMMAD RAYHAN', ''),
('1201184247', 'RADEN DIEVA QINTHARA', ''),
('1201184250', 'DWI CAHYANINGRUM', ''),
('1201184251', 'FATHIYA SAFIRA ARIANI', ''),
('1201184252', 'MUHAMMAD ILHAM FIRDAUS', ''),
('1201184254', 'MIRANDA CAHAYA REMBULAN BR SIHALOHO', ''),
('1201184255', 'NIKEN ARENSI', ''),
('1201184256', 'ARTAMEVIA SALSABILA RIZALDI', ''),
('1201184257', 'AFRA RANIYA YASSER', ''),
('1201184258', 'ADELA MEGA AGLINA', ''),
('1201184259', 'FADHIA NADHIRA PUTRI YULIANTO', ''),
('1201184260', 'HANIF FAIRUZ ISMAN', ''),
('1201184261', 'ABYAN FAQIH', ''),
('1201184262', 'MUHAMMAD DIMAS FIRDAUS', ''),
('1201184263', 'FADHILAH MUHAMMAD HANIF', ''),
('1201184264', 'KHALID ABDULRAHMAN SAID', ''),
('1201184265', 'KHOIRUL RIZAL', ''),
('1201184266', 'YUSFI ACHMAD PRADANA', ''),
('1201184267', 'DES PRARAMA BETHA ROMAN', ''),
('1201184269', 'RAKAN FURQAN ADI PUTRA', ''),
('1201184271', 'DIMAS BAGUS SATRIO', ''),
('1201184272', 'ANDIKA SENO AJI', ''),
('1201184275', 'TANIA ISSABEL', ''),
('1201184276', 'FIET DIANA HANDAYANI', ''),
('1201184277', 'MUGI LESTARI', ''),
('1201184279', 'MUHAMMAD IHSAN HUSNI', ''),
('1201184280', 'ARIANNE DEAPATI INTIFADHAH', ''),
('1201184282', 'NAUFAL IRFANTO', ''),
('1201184283', 'REYNALDI RAMDHANI', ''),
('1201184284', 'HALIM ORNEST ASRIANDY PUTRA', ''),
('1201184286', 'GERIO ADITAMA PURWANTO', ''),
('1201184287', 'FADHLANI NURSANDI AKBAR', ''),
('1201184288', 'HERLAMBANG PRASSETYO NUGROHO', ''),
('1201184289', 'HENDRAWAN ADI WIJAYANTO', ''),
('1201184290', 'RIZA ALDI SATRIA', ''),
('1201184293', 'ANANDA JULIAN NUGRAHA', ''),
('1201184294', 'RAHAYU ZAHWA PRATIWI', ''),
('1201184295', 'HANA QATRUNNADA', ''),
('1201184296', 'ANNISA HAQ', ''),
('1201184297', 'PUPUT AUDITYA FITRA', ''),
('1201184300', 'AZZAHRA PUTRI NURWAHYUDIN', ''),
('1201184301', 'ANINDA SATYA PRATIWI', ''),
('1201184303', 'REZA OCTAPRASETYA PERMADI', ''),
('1201184304', 'MUHAMAD IQBAL SYARIF', ''),
('1201184306', 'ANNISYA SYAPUTRI', ''),
('1201184312', 'MUHAMMAD DZAKI ALFANDI', ''),
('1201184316', 'GHEA MONIQUE UMAR JHITIA', ''),
('1201184317', 'INKA MAYANG FAHIRA', ''),
('1201184320', 'YUSUF SYARIF IQBAL', ''),
('1201184322', 'GHINA FADIYAH', ''),
('1201184324', 'MOCHAMMAD SINATRIYYA SURYANEGARA', ''),
('1201184325', 'NI PUTU PUTRI PRAMESTI', ''),
('1201184326', 'ARIF RAHMAN', ''),
('1201184327', 'GEVARA HAYKAL HEKMATYAR', ''),
('1201184328', 'REZA YURAMTO', ''),
('1201184329', 'SATYA ELANG YOGANTARA', ''),
('1201184330', 'MUHAMMAD RAFIF ADIGUNA', ''),
('1201184331', 'MUHAMMAD NAUFAL ANDINA PUTRA', ''),
('1201184338', 'LAVEANE HARIYANTO', ''),
('1201184342', 'MUHAMMAD HAFIZH NAUFAL FADHILAH', ''),
('1201184343', 'MUHAMMAD LUTHFI RAMADHAN', ''),
('1201184353', 'DENISSYA MAHARANI ADRIAN', ''),
('1201184354', 'MUHAMMAD ZALMAN ALFARIZY', ''),
('1201184359', 'RAKA ADITYA PRAYOGA', ''),
('1201184360', 'DZAKI REYNALDI', ''),
('1201184363', 'FARHAN ANWAR', ''),
('1201184364', 'ACHMAD AFFANDHY', ''),
('1201184365', 'NARA BAGAS TAMA', ''),
('1201184366', 'SYIFA MAARIF AL AZHAR', ''),
('1201184367', 'IRDAH BUJA PUTRA', ''),
('1201184368', 'MUHAMMAD ILYAS HERMAN', ''),
('1201184369', 'MUHAMMAD FAUZAN BADRUZZAMAN', ''),
('1201184371', 'I MADE AGUNG SAGITA ASTIWIGUNA', ''),
('1201184373', 'MOCHAMAD ERLAN ERLANGGA', ''),
('1201184374', 'INSAN ADITYO PAMBUDI', ''),
('1201184379', 'SHOLAHUDIN UMAR', ''),
('1201184380', 'BONATUA HIZKIA PUTRA MANALU', ''),
('1201184381', 'ALMER AHMAD DEVISON', ''),
('1201184383', 'FARIZ FATUROCHMAN', ''),
('1201184396', 'ZERLIN ANGGRENI KEMBAREN', ''),
('1201184398', 'DANA AZIZAH RAHMAT', ''),
('1201184399', 'LUTHFIA SALMA GUMBIRA', ''),
('1201184401', 'LABIBAH ISNAINI CHOERONISSA', ''),
('1201184402', 'ADITA NAILATUL FADHILA', ''),
('1201184408', 'NADYA ALMIRA AMROH', ''),
('1201184409', 'DEA RIKA PUTRI PURBA', ''),
('1201184411', 'AGHNIYA RAHMADITA DAHTIAR', ''),
('1201184413', 'MUHAMMAD THARIQ ARRAZZAQ', ''),
('1201184416', 'ANISA PUTRI KURNIAWATI', ''),
('1201184417', 'RATIH SEKAR ARUM', ''),
('1201184423', 'ARVIA NISRINA EFENDI', ''),
('1201184424', 'ALVINIA SHAFIRA', ''),
('1201184426', 'THIFALYA NASYAHIRA', ''),
('1201184428', 'MUHAMAD DAFFA AMANULLAH', ''),
('1201184429', 'REZA PRATAMA', ''),
('1201184430', 'LATHIFAH NURULAINI SYAHPUTRI', ''),
('1201184432', 'ASSYIFA SHAFIRA RAMADHINI', ''),
('1201184433', 'FAKHRUL BURHAN MU\'MIN', ''),
('1201184434', 'MUHAMMAD HAFIZH PUTRA AP', ''),
('1201184435', 'MARSA AL-MUSYAFFA', ''),
('1201184436', 'LUTHFI FAQIHUDDIN MULYANA', ''),
('1201184437', 'RADEN JOHAN FAHAL', ''),
('1201184446', 'DHIYO ARDHYAN HERFIRSTA', ''),
('1201184447', 'ALRIQ RAHMANSYAH FERI', ''),
('1201184471', 'NADYA AMALIA FITRI', ''),
('1201184477', 'YOHANA DEACHRIST', '');

-- --------------------------------------------------------

--
-- Struktur dari tabel `system_menu`
--

DROP TABLE IF EXISTS `system_menu`;
CREATE TABLE IF NOT EXISTS `system_menu` (
  `id` tinyint(3) UNSIGNED NOT NULL AUTO_INCREMENT,
  `parent_id` tinyint(3) UNSIGNED NOT NULL DEFAULT '0',
  `id_pm` int(11) NOT NULL,
  `menu_name` varchar(100) COLLATE latin1_general_ci NOT NULL,
  `url` varchar(100) COLLATE latin1_general_ci NOT NULL DEFAULT '',
  `icon` varchar(100) COLLATE latin1_general_ci NOT NULL,
  `menu_order` tinyint(3) UNSIGNED NOT NULL DEFAULT '0',
  PRIMARY KEY (`id`)
) ENGINE=MyISAM AUTO_INCREMENT=37 DEFAULT CHARSET=latin1 COLLATE=latin1_general_ci;

--
-- Dumping data untuk tabel `system_menu`
--

INSERT INTO `system_menu` (`id`, `parent_id`, `id_pm`, `menu_name`, `url`, `icon`, `menu_order`) VALUES
(4, 0, 2, 'Cpanel', '', 'fa fa-bars', 4),
(6, 4, 2, 'Akun', 'cpanel/account', '', 3),
(11, 4, 2, 'Hak Akses', 'cpanel/access', '', 0),
(8, 4, 2, 'Menu', 'cpanel/menu', '', 4),
(32, 21, 1, 'Absensi Asisten', 'data/absensi', '', 1),
(21, 0, 1, 'Manajemen Absensi', '', 'fa fa-database', 1),
(25, 20, 3, 'Manajemen Jadwal', 'registrasi/jadwal', '', 0),
(29, 0, 4, 'Dashboard', 'main/dashboard', 'fa fa-desktop', 0),
(33, 0, 1, 'Manajemen Data', '', '', 2),
(34, 33, 1, 'Asisten Laboratorium', 'datamgt/asisten', '', 0),
(35, 33, 1, 'Praktikan', 'datamgt/praktikan', '', 0),
(36, 21, 1, 'Absensi Praktikan', 'data/absensiPraktikan', '', 2);

-- --------------------------------------------------------

--
-- Struktur dari tabel `system_module`
--

DROP TABLE IF EXISTS `system_module`;
CREATE TABLE IF NOT EXISTS `system_module` (
  `id_pm` int(11) NOT NULL AUTO_INCREMENT,
  `module_name` varchar(255) NOT NULL,
  PRIMARY KEY (`id_pm`)
) ENGINE=InnoDB AUTO_INCREMENT=6 DEFAULT CHARSET=latin1;

--
-- Dumping data untuk tabel `system_module`
--

INSERT INTO `system_module` (`id_pm`, `module_name`) VALUES
(1, 'Data Management'),
(2, 'Cpanel'),
(3, 'Registrasi'),
(4, 'Dashboard');

-- --------------------------------------------------------

--
-- Struktur dari tabel `system_user`
--

DROP TABLE IF EXISTS `system_user`;
CREATE TABLE IF NOT EXISTS `system_user` (
  `id_user` int(11) NOT NULL AUTO_INCREMENT,
  `username` varchar(255) NOT NULL,
  `password` varchar(255) NOT NULL,
  `display_name` varchar(255) NOT NULL,
  `display_path` varchar(255) NOT NULL,
  `level` int(2) NOT NULL,
  PRIMARY KEY (`id_user`)
) ENGINE=InnoDB AUTO_INCREMENT=6 DEFAULT CHARSET=latin1;

--
-- Dumping data untuk tabel `system_user`
--

INSERT INTO `system_user` (`id_user`, `username`, `password`, `display_name`, `display_path`, `level`) VALUES
(1, 'raysoesanto', '938b4263f09b8b1dae8f027d06681ec9', 'Ray Soesanto', '/assets/images/ryp.png', 1),
(2, 'admin', 'e10adc3949ba59abbe56e057f20f883e', 'Admin', '', 2);

-- --------------------------------------------------------

--
-- Struktur dari tabel `system_user_level`
--

DROP TABLE IF EXISTS `system_user_level`;
CREATE TABLE IF NOT EXISTS `system_user_level` (
  `id_level` int(11) NOT NULL AUTO_INCREMENT,
  `level_name` varchar(255) NOT NULL,
  PRIMARY KEY (`id_level`)
) ENGINE=InnoDB AUTO_INCREMENT=4 DEFAULT CHARSET=latin1;

--
-- Dumping data untuk tabel `system_user_level`
--

INSERT INTO `system_user_level` (`id_level`, `level_name`) VALUES
(1, 'Super Admin'),
(2, 'Admin '),
(3, 'Mahasiswa');

-- --------------------------------------------------------

--
-- Struktur dari tabel `system_user_privileges`
--

DROP TABLE IF EXISTS `system_user_privileges`;
CREATE TABLE IF NOT EXISTS `system_user_privileges` (
  `id_up` int(11) NOT NULL AUTO_INCREMENT,
  `id_level` int(11) NOT NULL,
  `id_pm` int(11) NOT NULL,
  PRIMARY KEY (`id_up`)
) ENGINE=InnoDB AUTO_INCREMENT=18 DEFAULT CHARSET=latin1;

--
-- Dumping data untuk tabel `system_user_privileges`
--

INSERT INTO `system_user_privileges` (`id_up`, `id_level`, `id_pm`) VALUES
(1, 1, 1),
(2, 1, 2),
(11, 1, 3),
(12, 1, 4),
(13, 1, 5),
(15, 3, 4),
(16, 2, 1),
(17, 2, 4);

-- --------------------------------------------------------

--
-- Struktur dari tabel `system_user_role`
--

DROP TABLE IF EXISTS `system_user_role`;
CREATE TABLE IF NOT EXISTS `system_user_role` (
  `id_ur` int(11) NOT NULL AUTO_INCREMENT,
  `id_user` int(11) NOT NULL,
  `id_level` int(11) NOT NULL,
  PRIMARY KEY (`id_ur`)
) ENGINE=InnoDB DEFAULT CHARSET=latin1;

-- --------------------------------------------------------

--
-- Stand-in struktur untuk tampilan `view_adp`
-- (Lihat di bawah untuk tampilan aktual)
--
DROP VIEW IF EXISTS `view_adp`;
CREATE TABLE IF NOT EXISTS `view_adp` (
`id_ad` int(11)
,`id_absensi` int(11)
,`nim` int(10)
,`angkatan` int(4)
,`tap_status` varchar(50)
,`timestamp` timestamp
,`nama` varchar(100)
,`rfid` varchar(10)
);

-- --------------------------------------------------------

--
-- Stand-in struktur untuk tampilan `view_ads`
-- (Lihat di bawah untuk tampilan aktual)
--
DROP VIEW IF EXISTS `view_ads`;
CREATE TABLE IF NOT EXISTS `view_ads` (
`id_ad` int(11)
,`id_absensi` int(11)
,`nim` int(10)
,`angkatan` int(4)
,`nama_asisten` varchar(100)
,`kode_asisten` varchar(3)
,`rfid` varchar(10)
,`tap_status` varchar(50)
,`timestamp` timestamp
);

-- --------------------------------------------------------

--
-- Stand-in struktur untuk tampilan `view_asisten_dpo`
-- (Lihat di bawah untuk tampilan aktual)
--
DROP VIEW IF EXISTS `view_asisten_dpo`;
CREATE TABLE IF NOT EXISTS `view_asisten_dpo` (
`nim` int(11)
,`nama_asisten` varchar(100)
,`kode_asisten` varchar(3)
,`angkatan` int(4)
,`rfid` varchar(10)
,`count_DPO` bigint(21)
);

-- --------------------------------------------------------

--
-- Stand-in struktur untuk tampilan `view_asisten_terlambat`
-- (Lihat di bawah untuk tampilan aktual)
--
DROP VIEW IF EXISTS `view_asisten_terlambat`;
CREATE TABLE IF NOT EXISTS `view_asisten_terlambat` (
`nim` int(11)
,`nama_asisten` varchar(100)
,`kode_asisten` varchar(3)
,`angkatan` int(4)
,`rfid` varchar(10)
,`count_late` bigint(21)
);

-- --------------------------------------------------------

--
-- Stand-in struktur untuk tampilan `view_max_dpo`
-- (Lihat di bawah untuk tampilan aktual)
--
DROP VIEW IF EXISTS `view_max_dpo`;
CREATE TABLE IF NOT EXISTS `view_max_dpo` (
`nim` int(11)
,`nama_asisten` varchar(100)
,`kode_asisten` varchar(3)
,`angkatan` int(4)
,`rfid` varchar(10)
,`dpo` bigint(21)
);

-- --------------------------------------------------------

--
-- Stand-in struktur untuk tampilan `view_max_terlambat`
-- (Lihat di bawah untuk tampilan aktual)
--
DROP VIEW IF EXISTS `view_max_terlambat`;
CREATE TABLE IF NOT EXISTS `view_max_terlambat` (
`nim` int(11)
,`nama_asisten` varchar(100)
,`kode_asisten` varchar(3)
,`angkatan` int(4)
,`rfid` varchar(10)
,`count_late` bigint(21)
);

-- --------------------------------------------------------

--
-- Struktur untuk view `view_adp`
--
DROP TABLE IF EXISTS `view_adp`;

CREATE ALGORITHM=UNDEFINED  SQL SECURITY DEFINER VIEW `view_adp`  AS  select `a`.`id_ad` AS `id_ad`,`a`.`id_absensi` AS `id_absensi`,`a`.`nim` AS `nim`,`a`.`angkatan` AS `angkatan`,`a`.`tap_status` AS `tap_status`,`a`.`timestamp` AS `timestamp`,`b`.`nama` AS `nama`,`b`.`rfid` AS `rfid` from (`absensi_detail_praktikan` `a` join `praktikan` `b` on((`a`.`nim` = `b`.`nim`))) ;

-- --------------------------------------------------------

--
-- Struktur untuk view `view_ads`
--
DROP TABLE IF EXISTS `view_ads`;

CREATE ALGORITHM=UNDEFINED  SQL SECURITY DEFINER VIEW `view_ads`  AS  select `a`.`id_ad` AS `id_ad`,`a`.`id_absensi` AS `id_absensi`,`a`.`nim` AS `nim`,`a`.`angkatan` AS `angkatan`,`b`.`nama_asisten` AS `nama_asisten`,`b`.`kode_asisten` AS `kode_asisten`,`b`.`rfid` AS `rfid`,`a`.`tap_status` AS `tap_status`,`a`.`timestamp` AS `timestamp` from (`absensi_detail` `a` left join `asisten` `b` on((`a`.`nim` = `b`.`nim`))) ;

-- --------------------------------------------------------

--
-- Struktur untuk view `view_asisten_dpo`
--
DROP TABLE IF EXISTS `view_asisten_dpo`;

CREATE ALGORITHM=UNDEFINED  SQL SECURITY DEFINER VIEW `view_asisten_dpo`  AS  select `a`.`nim` AS `nim`,`a`.`nama_asisten` AS `nama_asisten`,`a`.`kode_asisten` AS `kode_asisten`,`a`.`angkatan` AS `angkatan`,`a`.`rfid` AS `rfid`,(select count(0) from `absensi_detail` `b` where ((`b`.`nim` = `a`.`nim`) and ((`b`.`tap_status` = '') or (`b`.`tap_status` = NULL)))) AS `count_DPO` from `asisten` `a` ;

-- --------------------------------------------------------

--
-- Struktur untuk view `view_asisten_terlambat`
--
DROP TABLE IF EXISTS `view_asisten_terlambat`;

CREATE ALGORITHM=UNDEFINED  SQL SECURITY DEFINER VIEW `view_asisten_terlambat`  AS  select `a`.`nim` AS `nim`,`a`.`nama_asisten` AS `nama_asisten`,`a`.`kode_asisten` AS `kode_asisten`,`a`.`angkatan` AS `angkatan`,`a`.`rfid` AS `rfid`,(select count(0) from `absensi_detail` `b` where ((`b`.`nim` = `a`.`nim`) and (`b`.`tap_status` = 'LATE'))) AS `count_late` from `asisten` `a` ;

-- --------------------------------------------------------

--
-- Struktur untuk view `view_max_dpo`
--
DROP TABLE IF EXISTS `view_max_dpo`;

CREATE ALGORITHM=UNDEFINED  SQL SECURITY DEFINER VIEW `view_max_dpo`  AS  select `a`.`nim` AS `nim`,`a`.`nama_asisten` AS `nama_asisten`,`a`.`kode_asisten` AS `kode_asisten`,`a`.`angkatan` AS `angkatan`,`a`.`rfid` AS `rfid`,max(`a`.`count_DPO`) AS `dpo` from `view_asisten_dpo` `a` group by `a`.`nim` order by `a`.`count_DPO` desc limit 5 ;

-- --------------------------------------------------------

--
-- Struktur untuk view `view_max_terlambat`
--
DROP TABLE IF EXISTS `view_max_terlambat`;

CREATE ALGORITHM=UNDEFINED  SQL SECURITY DEFINER VIEW `view_max_terlambat`  AS  select `a`.`nim` AS `nim`,`a`.`nama_asisten` AS `nama_asisten`,`a`.`kode_asisten` AS `kode_asisten`,`a`.`angkatan` AS `angkatan`,`a`.`rfid` AS `rfid`,`a`.`count_late` AS `count_late` from `view_asisten_terlambat` `a` where (`a`.`count_late` = (select max(`b`.`count_late`) from `view_asisten_terlambat` `b`)) ;
COMMIT;

/*!40101 SET CHARACTER_SET_CLIENT=@OLD_CHARACTER_SET_CLIENT */;
/*!40101 SET CHARACTER_SET_RESULTS=@OLD_CHARACTER_SET_RESULTS */;
/*!40101 SET COLLATION_CONNECTION=@OLD_COLLATION_CONNECTION */;
